Gene symbol;Element subtype;Class;;;;;;;;;
aph(3'')-Ib;AMR;AMINOGLYCOSIDE;;;;;;;;;
aph(6)-Id;AMR;AMINOGLYCOSIDE;;;;;;;;;
aac(3)-IIe;AMR;AMINOGLYCOSIDE;;;;;;;;;
ant(2'')-Ia;AMR;AMINOGLYCOSIDE;;;;;;;;;
aadA1;AMR;AMINOGLYCOSIDE;;;;;;;;;
aph(3')-IIIa;AMR;AMINOGLYCOSIDE;;;;;;;;;
ant(6)-Ia;AMR;AMINOGLYCOSIDE;;;;;;;;;
aadA15;AMR;AMINOGLYCOSIDE;;;;;;;;;
aac(6')-Il;AMR;AMINOGLYCOSIDE;;;;;;;;;
aph(3')-Ia;AMR;AMINOGLYCOSIDE;;;;;;;;;
rmtB1;AMR;AMINOGLYCOSIDE;;;;;;;;;
aac(3)-IId;AMR;AMINOGLYCOSIDE;;;;;;;;;
aadA2;AMR;AMINOGLYCOSIDE;;;;;;;;;
aadA5;AMR;AMINOGLYCOSIDE;;;;;;;;;
aph(3')-VI;AMR;AMINOGLYCOSIDE;;;;;;;;;
armA;AMR;AMINOGLYCOSIDE;;;;;;;;;
aac(6')-Ib3;AMR;AMINOGLYCOSIDE;;;;;;;;;
rmtC;AMR;AMINOGLYCOSIDE;;;;;;;;;
aac(6')-Ib;AMR;AMINOGLYCOSIDE;;;;;;;;;
aac(6')-Ib4;AMR;AMINOGLYCOSIDE;;;;;;;;;
aph(3')-VIa;AMR;AMINOGLYCOSIDE;;;;;;;;;
aac(6')-IIc;AMR;AMINOGLYCOSIDE;;;;;;;;;
aac(6')-Ie/aph(2'')-Ia;AMR;AMINOGLYCOSIDE;;;;;;;;;
aadD1;AMR;AMINOGLYCOSIDE;;;;;;;;;
spd;AMR;AMINOGLYCOSIDE;;;;;;;;;
aac(3)-IIg;AMR;AMINOGLYCOSIDE;;;;;;;;;
spw;AMR;AMINOGLYCOSIDE;;;;;;;;;
apmA;AMR;AMINOGLYCOSIDE;;;;;;;;;
rmtF1;AMR;AMINOGLYCOSIDE;;;;;;;;;
aph(3')-XV;AMR;AMINOGLYCOSIDE;;;;;;;;;
str;AMR;AMINOGLYCOSIDE;;;;;;;;;
aadA16;AMR;AMINOGLYCOSIDE;;;;;;;;;
aac(6')-Ib';AMR;AMINOGLYCOSIDE;;;;;;;;;
aac(3)-Ia;AMR;AMINOGLYCOSIDE;;;;;;;;;
aadA13;AMR;AMINOGLYCOSIDE;;;;;;;;;
aac(6')-29;AMR;AMINOGLYCOSIDE;;;;;;;;;
aph(3')-VIb;AMR;AMINOGLYCOSIDE;;;;;;;;;
aac(6')-29b;AMR;AMINOGLYCOSIDE;;;;;;;;;
aadA31;AMR;AMINOGLYCOSIDE;;;;;;;;;
aac(6')-29a;AMR;AMINOGLYCOSIDE;;;;;;;;;
rmtB4;AMR;AMINOGLYCOSIDE;;;;;;;;;
rmtF;AMR;AMINOGLYCOSIDE;;;;;;;;;
ant(9)-Ia;AMR;AMINOGLYCOSIDE;;;;;;;;;
aadA22;AMR;AMINOGLYCOSIDE;;;;;;;;;
aac(3)-IVa;AMR;AMINOGLYCOSIDE;;;;;;;;;
aph(4)-Ia;AMR;AMINOGLYCOSIDE;;;;;;;;;
aac(3)-Ic;AMR;AMINOGLYCOSIDE;;;;;;;;;
aadA25;AMR;AMINOGLYCOSIDE;;;;;;;;;
aac(3)-VIa;AMR;AMINOGLYCOSIDE;;;;;;;;;
aac(6')-Im;AMR;AMINOGLYCOSIDE;;;;;;;;;
aph(2'')-IIa;AMR;AMINOGLYCOSIDE;;;;;;;;;
aph(3')-IIa;AMR;AMINOGLYCOSIDE;;;;;;;;;
aph(6)-Ic;AMR;AMINOGLYCOSIDE;;;;;;;;;
aac(6')-Ib11;AMR;AMINOGLYCOSIDE;;;;;;;;;
aadA6;AMR;AMINOGLYCOSIDE;;;;;;;;;
aac(3)-Id;AMR;AMINOGLYCOSIDE;;;;;;;;;
aac(6')-Ia;AMR;AMINOGLYCOSIDE;;;;;;;;;
aac(6')-Ib-cr5;AMR;AMINOGLYCOSIDE/QUINOLONE;;;;;;;;;
aac(6')-Ib-cr;AMR;AMINOGLYCOSIDE/QUINOLONE;;;;;;;;;
arsR;METAL;ARSENIC;;;;;;;;;
arsD;METAL;ARSENIC;;;;;;;;;
arsA;METAL;ARSENIC;;;;;;;;;
arsB;METAL;ARSENIC;;;;;;;;;
arsC;METAL;ARSENIC;;;;;;;;;
blaKPC-2;AMR;BETA-LACTAM;;;;;;;;;
blaNDM-7;AMR;BETA-LACTAM;;;;;;;;;
blaOXA-1;AMR;BETA-LACTAM;;;;;;;;;
blaTEM-1;AMR;BETA-LACTAM;;;;;;;;;
blaCTX-M-15;AMR;BETA-LACTAM;;;;;;;;;
blaI;AMR;BETA-LACTAM;;;;;;;;;
blaR1;AMR;BETA-LACTAM;;;;;;;;;
blaZ;AMR;BETA-LACTAM;;;;;;;;;
blaVIM-1;AMR;BETA-LACTAM;;;;;;;;;
blaOXA-10;AMR;BETA-LACTAM;;;;;;;;;
blaVEB-1;AMR;BETA-LACTAM;;;;;;;;;
blaNDM-5;AMR;BETA-LACTAM;;;;;;;;;
blaOXA-48;AMR;BETA-LACTAM;;;;;;;;;
blaNDM-1;AMR;BETA-LACTAM;;;;;;;;;
blaCMY-6;AMR;BETA-LACTAM;;;;;;;;;
blaPC1;AMR;BETA-LACTAM;;;;;;;;;
blaGES-1;AMR;BETA-LACTAM;;;;;;;;;
blaOXA-9;AMR;BETA-LACTAM;;;;;;;;;
blaOXA-427;AMR;BETA-LACTAM;;;;;;;;;
blaCTX-M-9;AMR;BETA-LACTAM;;;;;;;;;
blaSHV-12;AMR;BETA-LACTAM;;;;;;;;;
blaLAP-2;AMR;BETA-LACTAM;;;;;;;;;
blaOXA;AMR;BETA-LACTAM;;;;;;;;;
blaCTX-M-14;AMR;BETA-LACTAM;;;;;;;;;
blaKPC-3;AMR;BETA-LACTAM;;;;;;;;;
blaSHV-11;AMR;BETA-LACTAM;;;;;;;;;
blaCARB-2;AMR;BETA-LACTAM;;;;;;;;;
blaIMP-4;AMR;BETA-LACTAM;;;;;;;;;
blaOXA-58;AMR;BETA-LACTAM;;;;;;;;;
blaTEM-176;AMR;BETA-LACTAM;;;;;;;;;
blaOXA-232;AMR;BETA-LACTAM;;;;;;;;;
blaOXA-1039;AMR;BETA-LACTAM;;;;;;;;;
blaCTX-M-39;AMR;BETA-LACTAM;;;;;;;;;
blaDHA;AMR;BETA-LACTAM;;;;;;;;;
blaOXA-162;AMR;BETA-LACTAM;;;;;;;;;
blaCTX-M-27;AMR;BETA-LACTAM;;;;;;;;;
blaTEM;AMR;BETA-LACTAM;;;;;;;;;
blaCMY-42;AMR;BETA-LACTAM;;;;;;;;;
blaEC;AMR;BETA-LACTAM;;;;;;;;;
blaDHA-1;AMR;BETA-LACTAM;;;;;;;;;
blaVIM-4;AMR;BETA-LACTAM;;;;;;;;;
blaOXA-181;AMR;BETA-LACTAM;;;;;;;;;
blaCMY-16;AMR;BETA-LACTAM;;;;;;;;;
blaIMI-2;AMR;BETA-LACTAM;;;;;;;;;
blaIMP-1;AMR;BETA-LACTAM;;;;;;;;;
blaDHA-7;AMR;BETA-LACTAM;;;;;;;;;
blaVEB-6;AMR;BETA-LACTAM;;;;;;;;;
blaOXA-245;AMR;BETA-LACTAM;;;;;;;;;
blaCTX-M;AMR;BETA-LACTAM;;;;;;;;;
blaGES-11;AMR;BETA-LACTAM;;;;;;;;;
blaOXA-72;AMR;BETA-LACTAM;;;;;;;;;
blaOXA-23;AMR;BETA-LACTAM;;;;;;;;;
blaNDM-60;AMR;BETA-LACTAM;;;;;;;;;
blaOXA-244;AMR;BETA-LACTAM;;;;;;;;;
blaSHV-1;AMR;BETA-LACTAM;;;;;;;;;
blaCMY-4;AMR;BETA-LACTAM;;;;;;;;;
blaCTX-M-195;AMR;BETA-LACTAM;;;;;;;;;
blaCMY-145;AMR;BETA-LACTAM;;;;;;;;;
blaCMY-2;AMR;BETA-LACTAM;;;;;;;;;
blaSHV-28;AMR;BETA-LACTAM;;;;;;;;;
blaVEB-9;AMR;BETA-LACTAM;;;;;;;;;
blaNDM;AMR;BETA-LACTAM;;;;;;;;;
mecA;AMR;BETA-LACTAM;;;;;;;;;
blaOXA-2;AMR;BETA-LACTAM;;;;;;;;;
blaVIM-5;AMR;BETA-LACTAM;;;;;;;;;
blaCARB-16;AMR;BETA-LACTAM;;;;;;;;;
blaVIM-6;AMR;BETA-LACTAM;;;;;;;;;
blaVIM-2;AMR;BETA-LACTAM;;;;;;;;;
blaOXA-1205;AMR;BETA-LACTAM;;;;;;;;;
blaTEM-190;AMR;BETA-LACTAM;;;;;;;;;
blaACC-4;AMR;BETA-LACTAM;;;;;;;;;
blaNDM-19;AMR;BETA-LACTAM;;;;;;;;;
blaNDM-4;AMR;BETA-LACTAM;;;;;;;;;
blaACC-1;AMR;BETA-LACTAM;;;;;;;;;
blaNDM-14;AMR;BETA-LACTAM;;;;;;;;;
blaTEM-169;AMR;BETA-LACTAM;;;;;;;;;
blaVIM;AMR;BETA-LACTAM;;;;;;;;;
blaCTX-M-3;AMR;BETA-LACTAM;;;;;;;;;
blaCTX-M-231;AMR;BETA-LACTAM;;;;;;;;;
blaCTX-M-55;AMR;BETA-LACTAM;;;;;;;;;
blaKPC-153;AMR;BETA-LACTAM;;;;;;;;;
blaFRI-1;AMR;BETA-LACTAM;;;;;;;;;
blaSHV-5;AMR;BETA-LACTAM;;;;;;;;;
blaTEM-206;AMR;BETA-LACTAM;;;;;;;;;
blaTEM-33;AMR;BETA-LACTAM;;;;;;;;;
blaVIM-75;AMR;BETA-LACTAM;;;;;;;;;
blaCTX-M-1;AMR;BETA-LACTAM;;;;;;;;;
blaVIM-86;AMR;BETA-LACTAM;;;;;;;;;
blaOXA-17;AMR;BETA-LACTAM;;;;;;;;;
blaOXA-74;AMR;BETA-LACTAM;;;;;;;;;
blaCMY;AMR;BETA-LACTAM;;;;;;;;;
blaOXA-4;AMR;BETA-LACTAM;;;;;;;;;
blaOXA-246;AMR;BETA-LACTAM;;;;;;;;;
blaIMP-7;AMR;BETA-LACTAM;;;;;;;;;
blaLCR-1;AMR;BETA-LACTAM;;;;;;;;;
blaTEM-40;AMR;BETA-LACTAM;;;;;;;;;
blaCTX-M-218;AMR;BETA-LACTAM;;;;;;;;;
blaGES-6;AMR;BETA-LACTAM;;;;;;;;;
blaGES-5;AMR;BETA-LACTAM;;;;;;;;;
blaSHV-2A;AMR;BETA-LACTAM;;;;;;;;;
blaGES-35;AMR;BETA-LACTAM;;;;;;;;;
blaOXA-46;AMR;BETA-LACTAM;;;;;;;;;
blaTEM-2;AMR;BETA-LACTAM;;;;;;;;;
blaKPC;AMR;BETA-LACTAM;;;;;;;;;
blaSHV;AMR;BETA-LACTAM;;;;;;;;;
blaOXA-20;AMR;BETA-LACTAM;;;;;;;;;
blaKPC-85;AMR;BETA-LACTAM;;;;;;;;;
blaNDM-6;AMR;BETA-LACTAM;;;;;;;;;
blaTEM-210;AMR;BETA-LACTAM;;;;;;;;;
blaTEM-135;AMR;BETA-LACTAM;;;;;;;;;
blaSHV-31;AMR;BETA-LACTAM;;;;;;;;;
blaCMY-23;AMR;BETA-LACTAM;;;;;;;;;
blaLAP;AMR;BETA-LACTAM;;;;;;;;;
blaIMP-10;AMR;BETA-LACTAM;;;;;;;;;
blaCTX-M-65;AMR;BETA-LACTAM;;;;;;;;;
blaOKP-A;AMR;BETA-LACTAM;;;;;;;;;
blaCTX-M-100;AMR;BETA-LACTAM;;;;;;;;;
blaCMY-148;AMR;BETA-LACTAM;;;;;;;;;
blaSFO-1;AMR;BETA-LACTAM;;;;;;;;;
blaTEM-35;AMR;BETA-LACTAM;;;;;;;;;
blaTEM-30;AMR;BETA-LACTAM;;;;;;;;;
blaDIM-1;AMR;BETA-LACTAM;;;;;;;;;
blaIMI;AMR;BETA-LACTAM;;;;;;;;;
blaADC-73;AMR;BETA-LACTAM;;;;;;;;;
blaCTX-M-12;AMR;BETA-LACTAM;;;;;;;;;
blaVEB-21;AMR;BETA-LACTAM;;;;;;;;;
blaOXA-1183;AMR;BETA-LACTAM;;;;;;;;;
blaIMP-94;AMR;BETA-LACTAM;;;;;;;;;
blaPER-8;AMR;BETA-LACTAM;;;;;;;;;
blaCTX-M-8;AMR;BETA-LACTAM;;;;;;;;;
blaPSE;AMR;BETA-LACTAM;;;;;;;;;
blaPER-9;AMR;BETA-LACTAM;;;;;;;;;
blaOXA-484;AMR;BETA-LACTAM;;;;;;;;;
blaCTX-M-24;AMR;BETA-LACTAM;;;;;;;;;
blaTEM-26;AMR;BETA-LACTAM;;;;;;;;;
blaKPC-68;AMR;BETA-LACTAM;;;;;;;;;
blaPER-1;AMR;BETA-LACTAM;;;;;;;;;
bla;AMR;BETA-LACTAM;;;;;;;;;
blaOXA-1207;AMR;BETA-LACTAM;;;;;;;;;
blaTEM-24;AMR;BETA-LACTAM;;;;;;;;;
blaOXA-1057;AMR;BETA-LACTAM;;;;;;;;;
ble;AMR;BLEOMYCIN;;;;;;;;;
bleO;AMR;BLEOMYCIN;;;;;;;;;
cadD;METAL;CADMIUM;;;;;;;;;
cadC;METAL;CADMIUM/LEAD/ZINC;;;;;;;;;
chrA;METAL;CHROMATE;;;;;;;;;
mcr-9.1;AMR;COLISTIN;;;;;;;;;
mcr-9;AMR;COLISTIN;;;;;;;;;
mcr-9.2;AMR;COLISTIN;;;;;;;;;
mcr-10.1;AMR;COLISTIN;;;;;;;;;
mcr-1.1;AMR;COLISTIN;;;;;;;;;
mcr-4.3;AMR;COLISTIN;;;;;;;;;
mcr-1;AMR;COLISTIN;;;;;;;;;
pcoS;METAL;COPPER;;;;;;;;;
pcoR;METAL;COPPER;;;;;;;;;
pcoD;METAL;COPPER;;;;;;;;;
pcoC;METAL;COPPER;;;;;;;;;
pcoB;METAL;COPPER;;;;;;;;;
pcoA;METAL;COPPER;;;;;;;;;
mco;METAL;COPPER;;;;;;;;;
pcoE;METAL;COPPER;;;;;;;;;
ncrC;METAL;COPPER/NICKEL;;;;;;;;;
silA;METAL;COPPER/SILVER;;;;;;;;;
silB;METAL;COPPER/SILVER;;;;;;;;;
silF;METAL;COPPER/SILVER;;;;;;;;;
silC;METAL;COPPER/SILVER;;;;;;;;;
silR;METAL;COPPER/SILVER;;;;;;;;;
silS;METAL;COPPER/SILVER;;;;;;;;;
kdeA;AMR;EFFLUX;;;;;;;;;
mdtM;AMR;EFFLUX;;;;;;;;;
amvA;AMR;EFFLUX;;;;;;;;;
emrD;AMR;EFFLUX;;;;;;;;;
crpP;AMR;FLUOROQUINOLONE;;;;;;;;;
fosA;AMR;FOSFOMYCIN;;;;;;;;;
fosB;AMR;FOSFOMYCIN;;;;;;;;;
fosA10;AMR;FOSFOMYCIN;;;;;;;;;
fosA4;AMR;FOSFOMYCIN;;;;;;;;;
fosY;AMR;FOSFOMYCIN;;;;;;;;;
fosA3;AMR;FOSFOMYCIN;;;;;;;;;
fosB1;AMR;FOSFOMYCIN;;;;;;;;;
fusB;AMR;FUSIDIC ACID;;;;;;;;;
lnu(A);AMR;LINCOSAMIDE;;;;;;;;;
lnu(B);AMR;LINCOSAMIDE;;;;;;;;;
lnu(G);AMR;LINCOSAMIDE;;;;;;;;;
lnu(F);AMR;LINCOSAMIDE;;;;;;;;;
vga(A);AMR;LINCOSAMIDE;;;;;;;;;
lnu(A)';AMR;LINCOSAMIDE;;;;;;;;;
erm(42);AMR;LINCOSAMIDE/MACROLIDE;;;;;;;;;
erm(A);AMR;LINCOSAMIDE/MACROLIDE;;;;;;;;;
erm(C);AMR;LINCOSAMIDE/MACROLIDE/STREPTOGRAMIN;;;;;;;;;
erm(B);AMR;LINCOSAMIDE/MACROLIDE/STREPTOGRAMIN;;;;;;;;;
erm(T);AMR;LINCOSAMIDE/MACROLIDE/STREPTOGRAMIN;;;;;;;;;
lsa(E);AMR;LINCOSAMIDE/STREPTOGRAMIN;;;;;;;;;
mph(A);AMR;MACROLIDE;;;;;;;;;
mph(E);AMR;MACROLIDE;;;;;;;;;
mph(C);AMR;MACROLIDE;;;;;;;;;
ere(A);AMR;MACROLIDE;;;;;;;;;
mph(G);AMR;MACROLIDE;;;;;;;;;
mef(C);AMR;MACROLIDE;;;;;;;;;
mph(F);AMR;MACROLIDE;;;;;;;;;
ere(B);AMR;MACROLIDE;;;;;;;;;
mef(B);AMR;MACROLIDE;;;;;;;;;
mph(B);AMR;MACROLIDE;;;;;;;;;
msr(E);AMR;MACROLIDE/STREPTOGRAMIN;;;;;;;;;
msr(A);AMR;MACROLIDE/STREPTOGRAMIN;;;;;;;;;
merR;METAL;MERCURY;;;;;;;;;
merT;METAL;MERCURY;;;;;;;;;
merP;METAL;MERCURY;;;;;;;;;
merC;METAL;MERCURY;;;;;;;;;
merE;METAL;MERCURY;;;;;;;;;
merD;METAL;MERCURY;;;;;;;;;
merA;METAL;MERCURY;;;;;;;;;
merF;METAL;MERCURY;;;;;;;;;
merB;METAL;MERCURY;;;;;;;;;
merR2;METAL;MERCURY;;;;;;;;;
merR1;METAL;MERCURY;;;;;;;;;
mupA;AMR;MUPIROCIN;;;;;;;;;
ncrB;METAL;NICKEL;;;;;;;;;
ncrA;METAL;NICKEL;;;;;;;;;
ncrY;METAL;NICKEL;;;;;;;;;
nirD;METAL;NICKEL;;;;;;;;;
nirB;METAL;NICKEL;;;;;;;;;
catA1;AMR;PHENICOL;;;;;;;;;
catB3;AMR;PHENICOL;;;;;;;;;
floR2;AMR;PHENICOL;;;;;;;;;
cmlA5;AMR;PHENICOL;;;;;;;;;
floR;AMR;PHENICOL;;;;;;;;;
cmlB;AMR;PHENICOL;;;;;;;;;
cmlA1;AMR;PHENICOL;;;;;;;;;
catA2;AMR;PHENICOL;;;;;;;;;
catA;AMR;PHENICOL;;;;;;;;;
catB;AMR;PHENICOL;;;;;;;;;
catB2;AMR;PHENICOL;;;;;;;;;
cmlA4;AMR;PHENICOL;;;;;;;;;
cmx;AMR;PHENICOL;;;;;;;;;
fexA;AMR;PHENICOL;;;;;;;;;
fexB;AMR;PHENICOL;;;;;;;;;
cmlA;AMR;PHENICOL;;;;;;;;;
cmlA6;AMR;PHENICOL;;;;;;;;;
catB7;AMR;PHENICOL;;;;;;;;;
catB8;AMR;PHENICOL;;;;;;;;;
cfr;AMR;PHENICOL/LINCOSAMIDE/OXAZOLIDINONE/PLEUROMUTILIN/STREPTOGRAMIN;;;;;;;;;
oqxA;AMR;PHENICOL/QUINOLONE;;;;;;;;;
oqxB19;AMR;PHENICOL/QUINOLONE;;;;;;;;;
qacEdelta1;BIOCIDE;QUATERNARY AMMONIUM;;;;;;;;;
qacE;BIOCIDE;QUATERNARY AMMONIUM;;;;;;;;;
qacC;BIOCIDE;QUATERNARY AMMONIUM;;;;;;;;;
qacG;BIOCIDE;QUATERNARY AMMONIUM;;;;;;;;;
qacA;BIOCIDE;QUATERNARY AMMONIUM;;;;;;;;;
qacR;BIOCIDE;QUATERNARY AMMONIUM;;;;;;;;;
qacJ;BIOCIDE;QUATERNARY AMMONIUM;;;;;;;;;
qacF;BIOCIDE;QUATERNARY AMMONIUM;;;;;;;;;
qacG2;BIOCIDE;QUATERNARY AMMONIUM;;;;;;;;;
qacL;BIOCIDE;QUATERNARY AMMONIUM;;;;;;;;;
smr;BIOCIDE;QUATERNARY AMMONIUM;;;;;;;;;
qacB;BIOCIDE;QUATERNARY AMMONIUM;;;;;;;;;
qnrB19;AMR;QUINOLONE;;;;;;;;;
qnrS1;AMR;QUINOLONE;;;;;;;;;
qnrB1;AMR;QUINOLONE;;;;;;;;;
qnrA6;AMR;QUINOLONE;;;;;;;;;
qnrS2;AMR;QUINOLONE;;;;;;;;;
qnrA1;AMR;QUINOLONE;;;;;;;;;
qnrB4;AMR;QUINOLONE;;;;;;;;;
qnrD1;AMR;QUINOLONE;;;;;;;;;
qnrB9;AMR;QUINOLONE;;;;;;;;;
qnrB6;AMR;QUINOLONE;;;;;;;;;
qnrB;AMR;QUINOLONE;;;;;;;;;
qnrS13;AMR;QUINOLONE;;;;;;;;;
qnrB7;AMR;QUINOLONE;;;;;;;;;
qepA4;AMR;QUINOLONE;;;;;;;;;
qnrE2;AMR;QUINOLONE;;;;;;;;;
qnrS;AMR;QUINOLONE;;;;;;;;;
qnrVC1;AMR;QUINOLONE;;;;;;;;;
qepA;AMR;QUINOLONE;;;;;;;;;
qnrA;AMR;QUINOLONE;;;;;;;;;
qnrB10;AMR;QUINOLONE;;;;;;;;;
qepA9;AMR;QUINOLONE;;;;;;;;;
qnrB2;AMR;QUINOLONE;;;;;;;;;
qepA1;AMR;QUINOLONE;;;;;;;;;
qepA8;AMR;QUINOLONE;;;;;;;;;
qnrVC6;AMR;QUINOLONE;;;;;;;;;
qnrS11;AMR;QUINOLONE;;;;;;;;;
arr-2;AMR;RIFAMYCIN;;;;;;;;;
arr-3;AMR;RIFAMYCIN;;;;;;;;;
arr;AMR;RIFAMYCIN;;;;;;;;;
silP;METAL;SILVER;;;;;;;;;
silE;METAL;SILVER;;;;;;;;;
sat4;AMR;STREPTOTHRICIN;;;;;;;;;
sat2;AMR;STREPTOTHRICIN;;;;;;;;;
sul1;AMR;SULFONAMIDE;;;;;;;;;
sul2;AMR;SULFONAMIDE;;;;;;;;;
sul3;AMR;SULFONAMIDE;;;;;;;;;
terE;METAL;TELLURIUM;;;;;;;;;
terD;METAL;TELLURIUM;;;;;;;;;
terC;METAL;TELLURIUM;;;;;;;;;
terB;METAL;TELLURIUM;;;;;;;;;
terZ;METAL;TELLURIUM;;;;;;;;;
terW;METAL;TELLURIUM;;;;;;;;;
tet(K);AMR;TETRACYCLINE;;;;;;;;;
tet(G);AMR;TETRACYCLINE;;;;;;;;;
tet(A);AMR;TETRACYCLINE;;;;;;;;;
tet(B);AMR;TETRACYCLINE;;;;;;;;;
tet(L);AMR;TETRACYCLINE;;;;;;;;;
tet(C);AMR;TETRACYCLINE;;;;;;;;;
tet(D);AMR;TETRACYCLINE;;;;;;;;;
tet(39);AMR;TETRACYCLINE;;;;;;;;;
tet(M);AMR;TETRACYCLINE;;;;;;;;;
tet(33);AMR;TETRACYCLINE;;;;;;;;;
toprJ1;AMR;TETRACYCLINE;;;;;;;;;
tmexD3;AMR;TETRACYCLINE;;;;;;;;;
tmexC3;AMR;TETRACYCLINE;;;;;;;;;
tet(X4);AMR;TETRACYCLINE;;;;;;;;;
tet(38);AMR;TETRACYCLINE;;;;;;;;;
dfrA1;AMR;TRIMETHOPRIM;;;;;;;;;
dfrA12;AMR;TRIMETHOPRIM;;;;;;;;;
dfrA17;AMR;TRIMETHOPRIM;;;;;;;;;
dfrA19;AMR;TRIMETHOPRIM;;;;;;;;;
dfrA14;AMR;TRIMETHOPRIM;;;;;;;;;
dfrS1;AMR;TRIMETHOPRIM;;;;;;;;;
dfrA15;AMR;TRIMETHOPRIM;;;;;;;;;
dfrA16;AMR;TRIMETHOPRIM;;;;;;;;;
dfrB1;AMR;TRIMETHOPRIM;;;;;;;;;
dfrA5;AMR;TRIMETHOPRIM;;;;;;;;;
dfrE;AMR;TRIMETHOPRIM;;;;;;;;;
dfrK;AMR;TRIMETHOPRIM;;;;;;;;;
dfrA8;AMR;TRIMETHOPRIM;;;;;;;;;
dfrA7;AMR;TRIMETHOPRIM;;;;;;;;;
dfrA27;AMR;TRIMETHOPRIM;;;;;;;;;
dfrB2;AMR;TRIMETHOPRIM;;;;;;;;;
dfrA23;AMR;TRIMETHOPRIM;;;;;;;;;
dfrA10;AMR;TRIMETHOPRIM;;;;;;;;;
dfrA30;AMR;TRIMETHOPRIM;;;;;;;;;
dfrA45;AMR;TRIMETHOPRIM;;;;;;;;;
dfrA4;AMR;TRIMETHOPRIM;;;;;;;;;
dfrG;AMR;TRIMETHOPRIM;;;;;;;;;
dfrA25;AMR;TRIMETHOPRIM;;;;;;;;;
dfrB4;AMR;TRIMETHOPRIM;;;;;;;;;
dfrB9;AMR;TRIMETHOPRIM;;;;;;;;;
dfrB5;AMR;TRIMETHOPRIM;;;;;;;;;
ariR;ACID;ACID;;;;;;;;;
asr;ACID;ACID;;;;;;;;;
hsp20;HEAT;HEAT;;;;;;;;;
clpK;HEAT;HEAT;;;;;;;;;
psi-GI;HEAT;HEAT;;;;;;;;;
kefB-GI;HEAT;HEAT;;;;;;;;;
trxLHR;HEAT;HEAT;;;;;;;;;
hdeD-GI;HEAT;HEAT;;;;;;;;;
yfdX2;HEAT;HEAT;;;;;;;;;
yfdX1;HEAT;HEAT;;;;;;;;;
shsP;HEAT;HEAT;;;;;;;;;
fieF;METAL;METAL UNKNOWN;;;;;;;;;
senB;VIRULENCE;VIRULENCE;;;;;;;;;
iucA;VIRULENCE;VIRULENCE;;;;;;;;;
iucB;VIRULENCE;VIRULENCE;;;;;;;;;
iucC;VIRULENCE;VIRULENCE;;;;;;;;;
iutA;VIRULENCE;VIRULENCE;;;;;;;;;
iucD;VIRULENCE;VIRULENCE;;;;;;;;;
ser;VIRULENCE;VIRULENCE;;;;;;;;;
sej;VIRULENCE;VIRULENCE;;;;;;;;;
sed;VIRULENCE;VIRULENCE;;;;;;;;;
sel31;VIRULENCE;VIRULENCE;;;;;;;;;
sel32;VIRULENCE;VIRULENCE;;;;;;;;;
ses;VIRULENCE;VIRULENCE;;;;;;;;;
set;VIRULENCE;VIRULENCE;;;;;;;;;
iss;VIRULENCE;VIRULENCE;;;;;;;;;
iroB;VIRULENCE;VIRULENCE;;;;;;;;;
iroC;VIRULENCE;VIRULENCE;;;;;;;;;
iroD;VIRULENCE;VIRULENCE;;;;;;;;;
iroE;VIRULENCE;VIRULENCE;;;;;;;;;
iroN;VIRULENCE;VIRULENCE;;;;;;;;;
nfaE;VIRULENCE;VIRULENCE;;;;;;;;;
afaC;VIRULENCE;VIRULENCE;;;;;;;;;
sel30;VIRULENCE;VIRULENCE;;;;;;;;;
peg-344;VIRULENCE;VIRULENCE;;;;;;;;;
rmpC;VIRULENCE;VIRULENCE;;;;;;;;;
rmpD;VIRULENCE;VIRULENCE;;;;;;;;;
rmpA;VIRULENCE;VIRULENCE;;;;;;;;;
espX1;VIRULENCE;VIRULENCE;;;;;;;;;
capU;VIRULENCE;VIRULENCE;;;;;;;;;
astA;VIRULENCE;VIRULENCE;;;;;;;;;
etb;VIRULENCE;VIRULENCE;;;;;;;;;
mchF;VIRULENCE;VIRULENCE;;;;;;;;;
cvaC;VIRULENCE;VIRULENCE;;;;;;;;;
aap;VIRULENCE;VIRULENCE;;;;;;;;;
eatA;VIRULENCE;VIRULENCE;;;;;;;;;
epeA;VIRULENCE;VIRULENCE;;;;;;;;;
hlyA-alpha;VIRULENCE;VIRULENCE;;;;;;;;;
fedA;VIRULENCE;VIRULENCE;;;;;;;;;
fedF;VIRULENCE;VIRULENCE;;;;;;;;;
etpD;VIRULENCE;VIRULENCE;;;;;;;;;
ehxA;VIRULENCE;VIRULENCE;;;;;;;;;
rmpA2;VIRULENCE;VIRULENCE;;;;;;;;;
aggR;VIRULENCE;VIRULENCE;;;;;;;;;
aar;VIRULENCE;VIRULENCE;;;;;;;;;
aatA;VIRULENCE;VIRULENCE;;;;;;;;;
aggD;VIRULENCE;VIRULENCE;;;;;;;;;
aggC;VIRULENCE;VIRULENCE;;;;;;;;;
aggB;VIRULENCE;VIRULENCE;;;;;;;;;
aggA;VIRULENCE;VIRULENCE;;;;;;;;;
ybtQ;VIRULENCE;VIRULENCE;;;;;;;;;
ybtP;VIRULENCE;VIRULENCE;;;;;;;;;
cnf2;VIRULENCE;VIRULENCE;;;;;;;;;
cdtB;VIRULENCE;VIRULENCE;;;;;;;;;
papA;VIRULENCE;VIRULENCE;;;;;;;;;
sat;VIRULENCE;VIRULENCE;;;;;;;;;
fdeC;VIRULENCE;VIRULENCE;;;;;;;;;
tsh;VIRULENCE;VIRULENCE;;;;;;;;;
f17g;VIRULENCE;VIRULENCE;;;;;;;;;
f17a;VIRULENCE;VIRULENCE;;;;;;;;;
icaC;VIRULENCE;VIRULENCE;;;;;;;;;
sepA;VIRULENCE;VIRULENCE;;;;;;;;;
katP;VIRULENCE;VIRULENCE;;;;;;;;;
agg3B;VIRULENCE;VIRULENCE;;;;;;;;;
agg3C;VIRULENCE;VIRULENCE;;;;;;;;;
agg3D;VIRULENCE;VIRULENCE;;;;;;;;;
pic;VIRULENCE;VIRULENCE;;;;;;;;;
vactox;VIRULENCE;VIRULENCE;;;;;;;;;
espP;VIRULENCE;VIRULENCE;;;;;;;;;
hld;VIRULENCE;VIRULENCE;;;;;;;;;
