Best_Hit_ARO;Class;Drug Class;Antibiotic
ANT(9)-Ia;aminocyclitol;aminoglycoside antibiotic;spectinomycin
aadA13;aminocyclitol, aminoglycoside;aminoglycoside antibiotic;"spectinomycin; streptomycin"
aadA16;aminocyclitol, aminoglycoside;aminoglycoside antibiotic;"spectinomycin; streptomycin"
aadA17;aminocyclitol, aminoglycoside;aminoglycoside antibiotic;"spectinomycin; streptomycin"
aadA2;aminocyclitol, aminoglycoside;aminoglycoside antibiotic;"spectinomycin; streptomycin"
aadA22;aminocyclitol, aminoglycoside;aminoglycoside antibiotic;"spectinomycin; streptomycin"
aadA24;aminocyclitol, aminoglycoside;aminoglycoside antibiotic;"spectinomycin; streptomycin"
aadA5;aminocyclitol, aminoglycoside;aminoglycoside antibiotic;"spectinomycin; streptomycin"
aadA6;aminocyclitol, aminoglycoside;aminoglycoside antibiotic;"spectinomycin; streptomycin"
AAC(3)-Ia;aminoglycoside;aminoglycoside antibiotic;"astromicin; sisomicin; gentamicin"
AAC(3)-Ic;aminoglycoside;aminoglycoside antibiotic;"astromicin; sisomicin; gentamicin"
AAC(3)-Id;aminoglycoside;aminoglycoside antibiotic;"astromicin; sisomicin; gentamicin"
AAC(3)-IId;aminoglycoside;aminoglycoside antibiotic;"dibekacin; sisomicin; netilmicin; tobramycin; 6'-N-ethylnetilmicin; 2'-N-ethylnetilmicin; gentamicin"
AAC(3)-IIe;aminoglycoside;aminoglycoside antibiotic;"dibekacin; sisomicin; netilmicin; tobramycin; 6'-N-ethylnetilmicin; 2'-N-ethylnetilmicin; gentamicin"
AAC(3)-IIg;aminoglycoside;aminoglycoside antibiotic;"dibekacin; sisomicin; netilmicin; tobramycin; 6'-N-ethylnetilmicin; 2'-N-ethylnetilmicin; gentamicin"
AAC(3)-IVa;aminoglycoside;aminoglycoside antibiotic;"dibekacin; sisomicin; apramycin; netilmicin; tobramycin; 6'-N-ethylnetilmicin; 2'-N-ethylnetilmicin; gentamicin"
AAC(3)-VIa;aminoglycoside;aminoglycoside antibiotic;"sisomicin; 6'-N-ethylnetilmicin; gentamicin"
AAC(6')-29b;aminoglycoside;aminoglycoside antibiotic;"dibekacin; amikacin; kanamycin A; tobramycin; isepamicin"
AAC(6')-Ia;aminoglycoside;aminoglycoside antibiotic;"dibekacin; amikacin; sisomicin; netilmicin; tobramycin; 2'-N-ethylnetilmicin; 5-episisomicin"
AAC(6')-Ib;aminoglycoside;aminoglycoside antibiotic;"amikacin; kanamycin A; tobramycin"
AAC(6')-Ib';aminoglycoside;aminoglycoside antibiotic;"amikacin; tobramycin"
AAC(6')-Ib3;aminoglycoside;aminoglycoside antibiotic;"amikacin; kanamycin A; tobramycin"
AAC(6')-Ib4;aminoglycoside;aminoglycoside antibiotic;"amikacin; kanamycin A; tobramycin"
AAC(6')-IIc;aminoglycoside;aminoglycoside antibiotic;"dibekacin; sisomicin; netilmicin; tobramycin; 2'-N-ethylnetilmicin; 5-episisomicin; gentamicin"
AAC(6')-Il;aminoglycoside;aminoglycoside antibiotic;"dibekacin; amikacin; sisomicin; netilmicin; tobramycin; 2'-N-ethylnetilmicin; 5-episisomicin"
AAC(6')-Im;aminoglycoside;aminoglycoside antibiotic;"dibekacin; amikacin; sisomicin; netilmicin; tobramycin; 2'-N-ethylnetilmicin; 5-episisomicin"
ANT(2'')-Ia;aminoglycoside;aminoglycoside antibiotic;"dibekacin; sisomicin; kanamycin A; tobramycin; gentamicin"
ANT(6)-Ia;aminoglycoside;aminoglycoside antibiotic;streptomycin
APH(2'')-IIa;aminoglycoside;aminoglycoside antibiotic;plazomicin
APH(3')-Ia;aminoglycoside;aminoglycoside antibiotic;"neomycin; ribostamycin; kanamycin A; gentamicin B; paromomycin; lividomycin; gentamicin"
APH(3'')-Ib;aminoglycoside;aminoglycoside antibiotic;streptomycin
APH(3')-IIa;aminoglycoside;aminoglycoside antibiotic;"neomycin; ribostamycin; butirosin; kanamycin A; gentamicin B; paromomycin; gentamicin"
APH(3')-IIIa;aminoglycoside;aminoglycoside antibiotic;"neomycin; amikacin; ribostamycin; butirosin; kanamycin A; isepamicin; gentamicin B; paromomycin; lividomycin; gentamicin"
APH(3')-VIa;aminoglycoside;aminoglycoside antibiotic;"neomycin; amikacin; ribostamycin; butirosin; kanamycin A; isepamicin; gentamicin B; paromomycin; gentamicin"
APH(3')-VIb;aminoglycoside;aminoglycoside antibiotic;"neomycin; amikacin; ribostamycin; butirosin; kanamycin A; isepamicin; gentamicin B; paromomycin; gentamicin"
APH(4)-Ia;aminoglycoside;aminoglycoside antibiotic;hygromycin B
APH(6)-Ic;aminoglycoside;aminoglycoside antibiotic;streptomycin
APH(6)-Id;aminoglycoside;aminoglycoside antibiotic;streptomycin
apmA;aminoglycoside;aminoglycoside antibiotic;apramycin
armA;aminoglycoside;aminoglycoside antibiotic;"dibekacin; amikacin; gentamicin C; sisomicin; netilmicin; kanamycin A; tobramycin; isepamicin; G418; arbekacin; gentamicin B; gentamicin"
rmtB;aminoglycoside;aminoglycoside antibiotic;"dibekacin; amikacin; gentamicin C; sisomicin; netilmicin; kanamycin A; tobramycin; isepamicin; G418; arbekacin; gentamicin B; gentamicin"
rmtC;aminoglycoside;aminoglycoside antibiotic;"dibekacin; amikacin; gentamicin C; sisomicin; netilmicin; kanamycin A; tobramycin; isepamicin; G418; arbekacin; gentamicin B; gentamicin"
rmtF;aminoglycoside;aminoglycoside antibiotic;"astromicin; kanamycin A; gentamicin A; gentamicin"
spd;aminoglycoside;aminoglycoside antibiotic;spectinomycin
AAC(6')-Ib-cr5;aminoglycoside/quinolone;"fluoroquinolone antibiotic; aminoglycoside antibiotic";"amikacin; ciprofloxacin; kanamycin A; tobramycin"
catB2;amphenicol;phenicol antibiotic;"azidamfenicol; chloramphenicol; thiamphenicol"
catB3;amphenicol;phenicol antibiotic;"azidamfenicol; chloramphenicol; thiamphenicol"
catB8;amphenicol;phenicol antibiotic;"azidamfenicol; chloramphenicol; thiamphenicol"
cmlA1;amphenicol;phenicol antibiotic;chloramphenicol
cmx;amphenicol;phenicol antibiotic;chloramphenicol
fexA;amphenicol;phenicol antibiotic;"chloramphenicol; florfenicol"
fexB;amphenicol;phenicol antibiotic;florfenicol
floR;amphenicol;phenicol antibiotic;"chloramphenicol; florfenicol"
oqxA;amphenicol, folate pathway antagonist, quinolone;"fluoroquinolone antibiotic; glycylcycline; tetracycline antibiotic; diaminopyrimidine antibiotic; nitrofuran antibiotic";"tigecycline; ciprofloxacin; nitrofurantoin; trimethoprim"
oqxB;amphenicol, folate pathway antagonist, quinolone;"fluoroquinolone antibiotic; glycylcycline; tetracycline antibiotic; diaminopyrimidine antibiotic; nitrofuran antibiotic";"tigecycline; ciprofloxacin; nitrofurantoin; trimethoprim"
mecA;beta-lactam;penam;methicillin
mcr-10.1;colistin;peptide antibiotic;"colistin A; colistin B"
MCR-9.1;colistin;peptide antibiotic;"colistin A; colistin B"
mdtM;efflux;"fluoroquinolone antibiotic; lincosamide antibiotic; nucleoside antibiotic; phenicol antibiotic; disinfecting agents and antiseptics";"acriflavine; lincomycin; puromycin; chloramphenicol; norfloxacin"
dfrA1;folate pathway antagonist;diaminopyrimidine antibiotic;trimethoprim
dfrA10;folate pathway antagonist;diaminopyrimidine antibiotic;trimethoprim
dfrA12;folate pathway antagonist;diaminopyrimidine antibiotic;trimethoprim
dfrA14;folate pathway antagonist;diaminopyrimidine antibiotic;trimethoprim
dfrA15;folate pathway antagonist;diaminopyrimidine antibiotic;trimethoprim
dfrA16;folate pathway antagonist;diaminopyrimidine antibiotic;trimethoprim
dfrA17;folate pathway antagonist;diaminopyrimidine antibiotic;trimethoprim
dfrA19;folate pathway antagonist;diaminopyrimidine antibiotic;trimethoprim
dfrA23;folate pathway antagonist;diaminopyrimidine antibiotic;trimethoprim
dfrA25;folate pathway antagonist;diaminopyrimidine antibiotic;trimethoprim
dfrA27;folate pathway antagonist;diaminopyrimidine antibiotic;trimethoprim
dfrA30;folate pathway antagonist;diaminopyrimidine antibiotic;trimethoprim
dfrA5;folate pathway antagonist;diaminopyrimidine antibiotic;trimethoprim
dfrA7;folate pathway antagonist;diaminopyrimidine antibiotic;trimethoprim
dfrA8;folate pathway antagonist;diaminopyrimidine antibiotic;trimethoprim
dfrB1;folate pathway antagonist;diaminopyrimidine antibiotic;trimethoprim
dfrB2;folate pathway antagonist;diaminopyrimidine antibiotic;trimethoprim
dfrB5;folate pathway antagonist;diaminopyrimidine antibiotic;trimethoprim
dfrG;folate pathway antagonist;diaminopyrimidine antibiotic;trimethoprim
dfrK;folate pathway antagonist;diaminopyrimidine antibiotic;trimethoprim
sul1;folate pathway antagonist;sulfonamide antibiotic;"sulfadiazine; sulfadimidine; sulfadoxine; sulfamethoxazole; sulfisoxazole; sulfacetamide; mafenide; sulfasalazine; sulfamethizole"
sul2;folate pathway antagonist;sulfonamide antibiotic;"sulfadiazine; sulfadimidine; sulfadoxine; sulfamethoxazole; sulfisoxazole; sulfacetamide; mafenide; sulfasalazine; sulfamethizole"
sul3;folate pathway antagonist;sulfonamide antibiotic;"sulfadiazine; sulfadimidine; sulfadoxine; sulfamethoxazole; sulfisoxazole; sulfacetamide; mafenide; sulfasalazine; sulfamethizole"
FosA;fosfomycin;phosphonic acid antibiotic;fosfomycin
FosA3;fosfomycin;phosphonic acid antibiotic;fosfomycin
FosA4;fosfomycin;phosphonic acid antibiotic;fosfomycin
FosB1;fosfomycin;phosphonic acid antibiotic;fosfomycin
FosY;fosfomycin;phosphonic acid antibiotic;fosfomycin
Erm(42);lincosamide, macrolide, streptogramin b;"macrolide antibiotic; lincosamide antibiotic; streptogramin antibiotic";"erythromycin; clindamycin"
mef(B);macrolide;macrolide antibiotic;
cmlA4;phenicol;phenicol antibiotic;chloramphenicol
cmlA5;phenicol;phenicol antibiotic;chloramphenicol
cmlA6;phenicol;phenicol antibiotic;chloramphenicol
cmlB;phenicol;phenicol antibiotic;chloramphenicol
MCR-4.3;polymyxin;peptide antibiotic;"colistin A; colistin B"
qacA;quaternary ammonium;fluoroquinolone antibiotic;
qacB;quaternary ammonium;fluoroquinolone antibiotic;
qacE;quaternary ammonium;disinfecting agents and antiseptics;
qacEdelta1;quaternary ammonium;disinfecting agents and antiseptics;
qacG;quaternary ammonium;disinfecting agents and antiseptics;benzalkonium chloride
qacJ;quaternary ammonium;disinfecting agents and antiseptics;benzalkonium chloride
qacL;quaternary ammonium;disinfecting agents and antiseptics;
QepA2;quinolone;fluoroquinolone antibiotic;"ciprofloxacin; moxifloxacin; norfloxacin"
QepA4;quinolone;fluoroquinolone antibiotic;
QnrA1;quinolone;fluoroquinolone antibiotic;"ciprofloxacin; levofloxacin; moxifloxacin; gatifloxacin; nalidixic acid; norfloxacin; sparfloxacin"
QnrA6;quinolone;fluoroquinolone antibiotic;"ciprofloxacin; levofloxacin; moxifloxacin; gatifloxacin; nalidixic acid; norfloxacin; sparfloxacin"
QnrB1;quinolone;fluoroquinolone antibiotic;"ciprofloxacin; levofloxacin; moxifloxacin; gatifloxacin; nalidixic acid; norfloxacin; sparfloxacin"
QnrB10;quinolone;fluoroquinolone antibiotic;"ciprofloxacin; levofloxacin; moxifloxacin; gatifloxacin; nalidixic acid; norfloxacin; sparfloxacin"
QnrB19;quinolone;fluoroquinolone antibiotic;"ciprofloxacin; levofloxacin; moxifloxacin; gatifloxacin; nalidixic acid; norfloxacin; sparfloxacin"
QnrB4;quinolone;fluoroquinolone antibiotic;"ciprofloxacin; levofloxacin; moxifloxacin; gatifloxacin; nalidixic acid; norfloxacin; sparfloxacin"
QnrB5;quinolone;fluoroquinolone antibiotic;"ciprofloxacin; levofloxacin; moxifloxacin; gatifloxacin; nalidixic acid; norfloxacin; sparfloxacin"
QnrB6;quinolone;fluoroquinolone antibiotic;"ciprofloxacin; levofloxacin; moxifloxacin; gatifloxacin; nalidixic acid; norfloxacin; sparfloxacin"
QnrB7;quinolone;fluoroquinolone antibiotic;"ciprofloxacin; levofloxacin; moxifloxacin; gatifloxacin; nalidixic acid; norfloxacin; sparfloxacin"
QnrB9;quinolone;fluoroquinolone antibiotic;"ciprofloxacin; levofloxacin; moxifloxacin; gatifloxacin; nalidixic acid; norfloxacin; sparfloxacin"
QnrD1;quinolone;fluoroquinolone antibiotic;"ciprofloxacin; levofloxacin; moxifloxacin; gatifloxacin; nalidixic acid; norfloxacin; sparfloxacin"
qnrE2;quinolone;fluoroquinolone antibiotic;"ciprofloxacin; levofloxacin; moxifloxacin; gatifloxacin; nalidixic acid; norfloxacin; sparfloxacin"
QnrS1;quinolone;fluoroquinolone antibiotic;"ciprofloxacin; levofloxacin; moxifloxacin; gatifloxacin; nalidixic acid; norfloxacin; sparfloxacin"
QnrS11;quinolone;fluoroquinolone antibiotic;"ciprofloxacin; levofloxacin; moxifloxacin; gatifloxacin; nalidixic acid; norfloxacin; sparfloxacin"
QnrS2;quinolone;fluoroquinolone antibiotic;"ciprofloxacin; levofloxacin; moxifloxacin; gatifloxacin; nalidixic acid; norfloxacin; sparfloxacin"
QnrVC1;quinolone;fluoroquinolone antibiotic;"ciprofloxacin; levofloxacin; moxifloxacin; gatifloxacin; nalidixic acid; norfloxacin; sparfloxacin"
QnrVC6;quinolone;fluoroquinolone antibiotic;"ciprofloxacin; levofloxacin; moxifloxacin; gatifloxacin; nalidixic acid; norfloxacin; sparfloxacin"
arr-2;rifamycin;rifamycin antibiotic;"rifampin; rifaximin; rifabutin; rifapentine"
arr-3;rifamycin;rifamycin antibiotic;"rifampin; rifaximin; rifabutin; rifapentine"
arr-8;rifamycin;rifamycin antibiotic;"rifampin; rifaximin; rifabutin; rifapentine"
fusB;steroid antibacterial;fusidane antibiotic;fusidic acid
tet(33);tetracycline;tetracycline antibiotic;tetracycline
tet(38);tetracycline;tetracycline antibiotic;tetracycline
tet(39);tetracycline;tetracycline antibiotic;tetracycline
tet(A);tetracycline;tetracycline antibiotic;tetracycline
tet(B);tetracycline;tetracycline antibiotic;tetracycline
tet(C);tetracycline;tetracycline antibiotic;tetracycline
tet(D);tetracycline;tetracycline antibiotic;tetracycline
tet(K);tetracycline;tetracycline antibiotic;tetracycline
tet(L);tetracycline;tetracycline antibiotic;tetracycline
tet(M);tetracycline;tetracycline antibiotic;"tetracycline; doxycycline; minocycline; chlortetracycline; demeclocycline; oxytetracycline"
tet(X4);tetracycline;"glycylcycline; tetracycline antibiotic";"tigecycline; tetracycline"
DfrB9;trimethoprim;diaminopyrimidine antibiotic;trimethoprim
sepA;virulence;disinfecting agents and antiseptics;
KPC-2;beta-lactam;"monobactam; carbapenem; cephalosporin; penam";
AAC(3)-IIc;aminoglycoside;aminoglycoside antibiotic;"dibekacin; sisomicin; netilmicin; tobramycin; 6'-N-ethylnetilmicin; 2'-N-ethylnetilmicin; gentamicin"
AAC(6')-Ib10;aminoglycoside;aminoglycoside antibiotic;"amikacin; kanamycin A; tobramycin"
AAC(6')-Ib7;aminoglycoside;aminoglycoside antibiotic;"amikacin; kanamycin A; tobramycin"
AAC(6')-Ib8;aminoglycoside;aminoglycoside antibiotic;"amikacin; kanamycin A; tobramycin"
AAC(6')-Ib9;aminoglycoside;aminoglycoside antibiotic;"amikacin; kanamycin A; tobramycin"
AAC(6')-Ib-cr3;aminoglycoside, quinolone;"fluoroquinolone antibiotic; aminoglycoside antibiotic";"amikacin; ciprofloxacin; kanamycin A; tobramycin"
AAC(6')-Ib-cr4;aminoglycoside, quinolone;"fluoroquinolone antibiotic; aminoglycoside antibiotic";"amikacin; ciprofloxacin; kanamycin A; tobramycin"
AAC(6')-Ib-cr6;aminoglycoside, quinolone;"fluoroquinolone antibiotic; aminoglycoside antibiotic";"amikacin; ciprofloxacin; kanamycin A; tobramycin"
AAC(6')-Ib-cr7;aminoglycoside, quinolone;"fluoroquinolone antibiotic; aminoglycoside antibiotic";"amikacin; ciprofloxacin; kanamycin A; tobramycin"
AAC(6')-Ie-APH(2'')-Ia bifunctional protein;aminoglycoside;aminoglycoside antibiotic;"dibekacin; amikacin; sisomicin; netilmicin; kanamycin A; tobramycin; gentamicin A; 2'-N-ethylnetilmicin; 5-episisomicin; gentamicin"
aad(6);aminoglycoside;aminoglycoside antibiotic;streptomycin
aadA;aminoglycoside;aminoglycoside antibiotic;"spectinomycin; streptomycin"
aadA3;aminoglycoside;aminoglycoside antibiotic;"spectinomycin; streptomycin"
ACC-1;beta-lactam;"monobactam; cephalosporin; penam";
ACC-4;beta-lactam;"monobactam; cephalosporin; penam";
Acinetobacter baumannii AmvA;macrolide;"macrolide antibiotic; disinfecting agents and antiseptics";"erythromycin; acriflavine"
acrB;beta-lactam, phenicol, quinolone, rifamycin, tetracycline;"fluoroquinolone antibiotic; cephalosporin; glycylcycline; penam; tetracycline antibiotic; rifamycin antibiotic; phenicol antibiotic; disinfecting agents and antiseptics";"tigecycline; tetracycline; rifampin; chloramphenicol; ampicillin; cefalotin; triclosan"
acrD;aminoglycoside;aminoglycoside antibiotic;
ADC-73;beta-lactam;cephalosporin;
adeF;quinolone, tetracycline;"fluoroquinolone antibiotic; tetracycline antibiotic";tetracycline
ANT(3'')-IIa;aminoglycoside;aminoglycoside antibiotic;"spectinomycin; streptomycin"
ANT(4')-Ia;aminoglycoside;aminoglycoside antibiotic;"dibekacin; amikacin; tobramycin; isepamicin"
aphA15;aminoglycoside;aminoglycoside antibiotic;"neomycin; amikacin; netilmicin; streptomycin; kanamycin A"
ArnT;polymyxin;peptide antibiotic;"colistin A; colistin B"
arr-4;rifamycin;rifamycin antibiotic;"rifampin; rifaximin; rifabutin; rifapentine"
bacA;polypeptide;peptide antibiotic;"bacitracin; bacitracin A; bacitracin B; bacitracin F"
baeR;aminoglycoside, aminocoumarin;"aminoglycoside antibiotic; aminocoumarin antibiotic";novobiocin
baeS;aminoglycoside, aminocoumarin;"aminoglycoside antibiotic; aminocoumarin antibiotic";novobiocin
basS;peptide;peptide antibiotic;polymyxin B
BRP(MBL);glycopeptide;glycopeptide antibiotic;"bleomycin; bleomycinic acid; bleomycin A2; bleomycin B2"
CARB-16;beta-lactam;penam;
CARB-3;beta-lactam;penam;
catA8;amphenicol;phenicol antibiotic;chloramphenicol
catI;amphenicol;phenicol antibiotic;"azidamfenicol; chloramphenicol; thiamphenicol"
catII from Escherichia coli K-12;amphenicol;phenicol antibiotic;chloramphenicol
cfrA;amphenicol, lincosamide, oxazolidinone, pleuromutilin, streptogramin b;"lincosamide antibiotic; streptogramin antibiotic; streptogramin A antibiotic; oxazolidinone antibiotic; phenicol antibiotic; pleuromutilin antibiotic";"lincomycin; clindamycin; azidamfenicol; chloramphenicol; thiamphenicol; virginiamycin M1; tiamulin; madumycin II; griseoviridin; dalfopristin"
cmlA9;amphenicol;phenicol antibiotic;chloramphenicol
CMY-132;beta-lactam;cephamycin;
CMY-136;beta-lactam;"cephalosporin; cephamycin";"cefuroxime; cefotaxime; ceftolozane"
CMY-145;beta-lactam;cephamycin;
CMY-148;beta-lactam;cephamycin;
CMY-16;beta-lactam;cephamycin;
CMY-163;beta-lactam;cephamycin;
CMY-2;beta-lactam;"carbapenem; cephalosporin; cephamycin; penam";"cefoxitin; cefazolin; ceftazidime; ceftriaxone; ertapenem; ampicillin; cefixime; cefalotin"
CMY-23;beta-lactam;cephamycin;
CMY-4;beta-lactam;cephamycin;
CMY-42;beta-lactam;"cephalosporin; cephamycin";"cefoxitin; ceftazidime"
CMY-59;beta-lactam;cephamycin;
CMY-6;beta-lactam;cephamycin;
cpxA;aminoglycoside, aminocoumarin;"aminoglycoside antibiotic; aminocoumarin antibiotic";novobiocin
CRP;beta-lactam, macrolide, quinolone;"macrolide antibiotic; fluoroquinolone antibiotic; penam";"erythromycin; cloxacillin; oxacillin; norfloxacin"
CTX-M-1;beta-lactam;cephalosporin;
CTX-M-100;beta-lactam;cephalosporin;
CTX-M-12;beta-lactam;cephalosporin;
CTX-M-14;beta-lactam;cephalosporin;
CTX-M-15;beta-lactam;"cephalosporin; penam";"cefazolin; ceftazidime; ceftriaxone; ampicillin; cefalotin"
CTX-M-195;beta-lactam;cephalosporin;
CTX-M-216;beta-lactam;cephalosporin;
CTX-M-218;beta-lactam;cephalosporin;
CTX-M-231;beta-lactam;cephalosporin;
CTX-M-24;beta-lactam;cephalosporin;
CTX-M-27;beta-lactam;"carbapenem; cephalosporin; penam";"cefazolin; ceftazidime; ertapenem; ampicillin; cefixime; cefalotin"
CTX-M-3;beta-lactam;"cephalosporin; cephamycin; penam";"cefoxitin; cefazolin; ceftazidime; ceftriaxone; ampicillin; cefixime; cefalotin"
CTX-M-39;beta-lactam;cephalosporin;
CTX-M-55;beta-lactam;cephalosporin;"ceftazidime; ceftriaxone"
CTX-M-65;beta-lactam;cephalosporin;
CTX-M-67;beta-lactam;cephalosporin;
CTX-M-8;beta-lactam;cephalosporin;
CTX-M-9;beta-lactam;cephalosporin;
dfrA15b;folate pathway antagonist;diaminopyrimidine antibiotic;trimethoprim
dfrC;folate pathway antagonist;diaminopyrimidine antibiotic;trimethoprim
DHA-1;beta-lactam;"cephalosporin; cephamycin";
DHA-7;beta-lactam;"cephalosporin; cephamycin";
DIM-1;beta-lactam;"carbapenem; cephalosporin";
EC-19;beta-lactam;cephalosporin;
emrB;quinolone;fluoroquinolone antibiotic;nalidixic acid
emrK;tetracycline;tetracycline antibiotic;tetracycline
emrR;quinolone;fluoroquinolone antibiotic;nalidixic acid
emrY;tetracycline;tetracycline antibiotic;tetracycline
Enterococcus faecalis chloramphenicol acetyltransferase;amphenicol;phenicol antibiotic;chloramphenicol
Enterococcus faecium chloramphenicol acetyltransferase;amphenicol;phenicol antibiotic;chloramphenicol
eptA;peptide;peptide antibiotic;polymyxin B
EreA;macrolide;macrolide antibiotic;"erythromycin; roxithromycin; clarithromycin"
EreA2;macrolide;macrolide antibiotic;erythromycin
EreB;macrolide;macrolide antibiotic;"erythromycin; roxithromycin; clarithromycin; azithromycin"
ErmA;lincosamide, macrolide, streptogramin a, streptogramin b;"macrolide antibiotic; lincosamide antibiotic; streptogramin antibiotic; streptogramin A antibiotic; streptogramin B antibiotic";"erythromycin; roxithromycin; lincomycin; telithromycin; clarithromycin; clindamycin; tylosin; spiramycin; azithromycin; dirithromycin; pristinamycin IA; quinupristin; virginiamycin M1; madumycin II; griseoviridin; dalfopristin; pristinamycin IB; virginiamycin S2; pristinamycin IC; vernamycin C; patricin A; patricin B; ostreogrycin B3; oleandomycin"
ErmB;lincosamide, macrolide, streptogramin a, streptogramin b;"macrolide antibiotic; lincosamide antibiotic; streptogramin antibiotic; streptogramin A antibiotic; streptogramin B antibiotic";"erythromycin; roxithromycin; lincomycin; telithromycin; clarithromycin; clindamycin; tylosin; spiramycin; azithromycin; dirithromycin; pristinamycin IA; quinupristin; virginiamycin M1; madumycin II; griseoviridin; dalfopristin; pristinamycin IB; virginiamycin S2; pristinamycin IC; vernamycin C; patricin A; patricin B; ostreogrycin B3; oleandomycin"
ErmC;lincosamide, macrolide, streptogramin a, streptogramin b;"macrolide antibiotic; lincosamide antibiotic; streptogramin antibiotic; streptogramin A antibiotic; streptogramin B antibiotic";"erythromycin; roxithromycin; lincomycin; telithromycin; clarithromycin; clindamycin; tylosin; spiramycin; azithromycin; dirithromycin; pristinamycin IA; quinupristin; virginiamycin M1; madumycin II; griseoviridin; dalfopristin; pristinamycin IB; virginiamycin S2; pristinamycin IC; vernamycin C; patricin A; patricin B; ostreogrycin B3; oleandomycin"
ErmT;lincosamide, macrolide, streptogramin a, streptogramin b;"macrolide antibiotic; lincosamide antibiotic; streptogramin antibiotic; streptogramin A antibiotic; streptogramin B antibiotic";"erythromycin; roxithromycin; lincomycin; telithromycin; clarithromycin; clindamycin; tylosin; spiramycin; azithromycin; dirithromycin; pristinamycin IA; quinupristin; virginiamycin M1; madumycin II; griseoviridin; dalfopristin; pristinamycin IB; virginiamycin S2; pristinamycin IC; vernamycin C; patricin A; patricin B; ostreogrycin B3; oleandomycin"
Escherichia coli acrA;quinolone, beta-lactam, tetracycline, rifamycin, amphenicol;"fluoroquinolone antibiotic; cephalosporin; glycylcycline; penam; tetracycline antibiotic; rifamycin antibiotic; phenicol antibiotic; disinfecting agents and antiseptics";"tigecycline; tetracycline; rifampin; chloramphenicol; ampicillin; cefalotin; triclosan"
Escherichia coli AcrAB-TolC with AcrR mutation conferring resistance to ciprofloxacin, tetracycline, and ceftazidime;quinolone, beta-lactam, tetracycline, rifamycin, amphenicol;"fluoroquinolone antibiotic; cephalosporin; glycylcycline; penam; tetracycline antibiotic; rifamycin antibiotic; phenicol antibiotic; disinfecting agents and antiseptics";"tigecycline; ciprofloxacin; tetracycline; ceftazidime; rifampin; chloramphenicol; ampicillin; cefalotin; triclosan"
Escherichia coli AcrAB-TolC with MarR mutations conferring resistance to ciprofloxacin and tetracycline;quinolone, beta-lactam, tetracycline, rifamycin, amphenicol;"fluoroquinolone antibiotic; cephalosporin; glycylcycline; penam; tetracycline antibiotic; rifamycin antibiotic; phenicol antibiotic; disinfecting agents and antiseptics";"tigecycline; ciprofloxacin; tetracycline; rifampin; chloramphenicol; ampicillin; cefalotin; triclosan"
Escherichia coli ampC beta-lactamase;beta-lactam;"cephalosporin; penam";penicillin
Escherichia coli cyaA with mutation conferring resistance to fosfomycin;fosfomycin;phosphonic acid antibiotic;fosfomycin
Escherichia coli EF-Tu mutants conferring resistance to Pulvomycin;elfamycin;elfamycin antibiotic;pulvomycin
Escherichia coli GlpT with mutation conferring resistance to fosfomycin;fosfomycin;phosphonic acid antibiotic;fosfomycin
Escherichia coli gyrA conferring resistance to fluoroquinolones;quinolone;fluoroquinolone antibiotic;"enoxacin; ciprofloxacin; levofloxacin; moxifloxacin; gatifloxacin; lomefloxacin; nalidixic acid; norfloxacin; ofloxacin; trovafloxacin; grepafloxacin; sparfloxacin; pefloxacin"
Escherichia coli mdfA;tetracycline;"tetracycline antibiotic; disinfecting agents and antiseptics";"tetracycline; benzalkonium chloride"
Escherichia coli soxR with mutation conferring antibiotic resistance;quinolone, beta-lactam, tetracycline, rifamycin, amphenicol;"fluoroquinolone antibiotic; cephalosporin; glycylcycline; penam; tetracycline antibiotic; rifamycin antibiotic; phenicol antibiotic; disinfecting agents and antiseptics";"tigecycline; ciprofloxacin; tetracycline; rifampin; chloramphenicol; ampicillin; nalidixic acid; norfloxacin; cefalotin; triclosan"
Escherichia coli soxS with mutation conferring antibiotic resistance;amphenicol, beta-lactam, quinolone, rifamycin, tetracycline;"fluoroquinolone antibiotic; monobactam; carbapenem; cephalosporin; glycylcycline; cephamycin; penam; tetracycline antibiotic; rifamycin antibiotic; phenicol antibiotic; penem; disinfecting agents and antiseptics";"tigecycline; ciprofloxacin; tetracycline; rifampin; chloramphenicol; ampicillin; norfloxacin; cefalotin; triclosan; enrofloxacin"
evgA;macrolide, fluoroquinolone, tetracycline;"macrolide antibiotic; fluoroquinolone antibiotic; penam; tetracycline antibiotic";"erythromycin; cloxacillin; tetracycline; oxacillin; norfloxacin"
evgS;macrolide, fluoroquinolone, tetracycline;"macrolide antibiotic; fluoroquinolone antibiotic; penam; tetracycline antibiotic";"erythromycin; cloxacillin; tetracycline; oxacillin; norfloxacin"
fosA5;aminoglycoside, fluoroquinolone, fosfomycin;"fluoroquinolone antibiotic; aminoglycoside antibiotic; phosphonic acid antibiotic";"ciprofloxacin; gentamicin"
FosA6;fosfomycin;phosphonic acid antibiotic;fosfomycin
FosA8;fosfomycin;phosphonic acid antibiotic;fosfomycin
FosB4;fosfomycin;phosphonic acid antibiotic;fosfomycin
FosBx1;fosfomycin;phosphonic acid antibiotic;fosfomycin
FRI-1;beta-lactam;penam;
gadW;beta-lactam, macrolide, quinolone;"macrolide antibiotic; fluoroquinolone antibiotic; penam";"erythromycin; cloxacillin; oxacillin; norfloxacin"
gadX;beta-lactam, macrolide, quinolone;"macrolide antibiotic; fluoroquinolone antibiotic; penam";"erythromycin; cloxacillin; oxacillin; norfloxacin"
GES-1;beta-lactam;"carbapenem; cephalosporin; penam";
GES-11;beta-lactam;"carbapenem; cephalosporin; penam";
GES-35;beta-lactam;"carbapenem; cephalosporin; penam";
GES-5;beta-lactam;"carbapenem; cephalosporin; penam";
GES-6;beta-lactam;"carbapenem; cephalosporin; penam";
Haemophilus influenzae PBP3 conferring resistance to beta-lactam antibiotics;beta-lactam;"cephalosporin; cephamycin; penam";"ceftriaxone; ampicillin; cefaclor; cefotaxime; cefditoren; cefdinir"
H-NS;beta-lactam, macrolide, quinolone, tetracycline;"macrolide antibiotic; fluoroquinolone antibiotic; cephalosporin; cephamycin; penam; tetracycline antibiotic";"erythromycin; cloxacillin; ciprofloxacin; tetracycline; oxacillin; norfloxacin"
IMI-2;beta-lactam;carbapenem;
IMP-1;beta-lactam;"carbapenem; cephalosporin; cephamycin; penam; penem";
IMP-10;beta-lactam;"carbapenem; cephalosporin; cephamycin; penam; penem";
IMP-4;beta-lactam;"carbapenem; cephalosporin; cephamycin; penam; penem";
IMP-7;beta-lactam;"carbapenem; cephalosporin; cephamycin; penam; penem";
IMP-94;beta-lactam;"carbapenem; cephalosporin; cephamycin; penam; penem";
kdpE;aminoglycoside;aminoglycoside antibiotic;kanamycin A
mdtA;aminocoumarin;aminocoumarin antibiotic;novobiocin
mdtB;aminocoumarin;aminocoumarin antibiotic;novobiocin
mdtC;aminocoumarin;aminocoumarin antibiotic;novobiocin
SFO-1;beta-lactam;carbapenem;
NDM-1;beta-lactam;"carbapenem; cephalosporin; cephamycin; penam";"ertapenem; meropenem; imipenem"
NDM-14;beta-lactam;"carbapenem; cephalosporin; cephamycin; penam";
NDM-40;beta-lactam;"carbapenem; cephalosporin; cephamycin; penam";
NDM-5;beta-lactam;"carbapenem; cephalosporin; cephamycin; penam";"cefoxitin; ceftazidime; ertapenem"
NDM-6;beta-lactam;"carbapenem; cephalosporin; cephamycin; penam";
NDM-7;beta-lactam;"carbapenem; cephalosporin; cephamycin; penam";
NmcR;beta-lactam;"carbapenem; cephalosporin; cephamycin; penam";"cefoxitin; cefazolin; ampicillin"
NDM-4;beta-lactam;"carbapenem; cephalosporin; cephamycin; penam; penem";ticarcillin
VIM-1;beta-lactam;"carbapenem; cephalosporin; cephamycin; penam; penem";
VIM-19;beta-lactam;"carbapenem; cephalosporin; cephamycin; penam; penem";
VIM-2;beta-lactam;"carbapenem; cephalosporin; cephamycin; penam; penem";
VIM-4;beta-lactam;"carbapenem; cephalosporin; cephamycin; penam; penem";
VIM-5;beta-lactam;"carbapenem; cephalosporin; cephamycin; penam; penem";
VIM-59;beta-lactam;"carbapenem; cephalosporin; cephamycin; penam; penem";
VIM-6;beta-lactam;"carbapenem; cephalosporin; cephamycin; penam; penem";
OXA-1;beta-lactam;"carbapenem; cephalosporin; penam";"cloxacillin; oxacillin; amoxicillin; piperacillin; ampicillin; cefalotin"
OXA-10;beta-lactam;"carbapenem; cephalosporin; penam";"cloxacillin; oxacillin; cefalotin"
OXA-140;beta-lactam;"carbapenem; cephalosporin; penam";"cloxacillin; oxacillin; cefalotin"
OXA-162;beta-lactam;"carbapenem; cephalosporin; penam";"cloxacillin; oxacillin; cefalotin"
OXA-17;beta-lactam;"carbapenem; cephalosporin; penam";"cloxacillin; oxacillin; cefalotin"
OXA-181;beta-lactam;"carbapenem; cephalosporin; penam";"cloxacillin; oxacillin; cefalotin"
OXA-2;beta-lactam;"carbapenem; cephalosporin; penam";"cloxacillin; oxacillin; ceftazidime; amoxicillin; meropenem; ampicillin; cefalotin"
OXA-20;beta-lactam;"carbapenem; cephalosporin; penam";"cloxacillin; oxacillin; cefalotin"
OXA-23;beta-lactam;"carbapenem; cephalosporin; penam";"cloxacillin; oxacillin; cefalotin"
OXA-232;beta-lactam;"carbapenem; cephalosporin; penam";"cloxacillin; oxacillin; cefalotin"
OXA-244;beta-lactam;"carbapenem; cephalosporin; penam";"cloxacillin; oxacillin; cefalotin"
OXA-245;beta-lactam;"carbapenem; cephalosporin; penam";"cloxacillin; oxacillin; cefalotin"
OXA-246;beta-lactam;"carbapenem; cephalosporin; penam";"cloxacillin; oxacillin; cefalotin"
OXA-4;beta-lactam;"carbapenem; cephalosporin; penam";"cloxacillin; oxacillin; cefalotin"
OXA-405;beta-lactam;"carbapenem; cephalosporin; penam";"cloxacillin; oxacillin; cefalotin"
OXA-427;beta-lactam;"carbapenem; cephalosporin; penam";"cloxacillin; oxacillin; cefalotin"
OXA-46;beta-lactam;"carbapenem; cephalosporin; penam";"cloxacillin; oxacillin; cefalotin"
OXA-48;beta-lactam;"carbapenem; cephalosporin; penam";"cloxacillin; oxacillin; cefalotin; temocillin"
OXA-484;beta-lactam;"carbapenem; cephalosporin; penam";"cloxacillin; oxacillin; cefalotin"
OXA-58;beta-lactam;"carbapenem; cephalosporin; penam";"cloxacillin; oxacillin; cefalotin"
OXA-72;beta-lactam;"carbapenem; cephalosporin; penam";"cloxacillin; oxacillin; cefalotin"
OXA-74;beta-lactam;"carbapenem; cephalosporin; penam";"cloxacillin; oxacillin; cefalotin"
OXA-9;beta-lactam;"carbapenem; cephalosporin; penam";"cloxacillin; oxacillin; cefalotin"
SHV-1;beta-lactam;"carbapenem; cephalosporin; penam";ampicillin
SHV-11;beta-lactam;"carbapenem; cephalosporin; penam";
SHV-12;beta-lactam;"carbapenem; cephalosporin; penam";"ceftazidime; ceftriaxone; cefalotin"
SHV-28;beta-lactam;"carbapenem; cephalosporin; penam";
SHV-2A;beta-lactam;"carbapenem; cephalosporin; penam";
SHV-31;beta-lactam;"carbapenem; cephalosporin; penam";
SHV-5;beta-lactam;"carbapenem; cephalosporin; penam";
LCR-1;beta-lactam;"cephalosporin; penam";
OKP-A-3;beta-lactam;"cephalosporin; penam";
LAP-2;beta-lactam;"cephalosporin; penam; penem";"cefepime; cefuroxime; amoxicillin; piperacillin; benzylpenicillin; cefalotin; ticarcillin"
mdtH;quinolone;fluoroquinolone antibiotic;"enoxacin; norfloxacin"
QnrB20;quinolone;fluoroquinolone antibiotic;"ciprofloxacin; levofloxacin; moxifloxacin; gatifloxacin; nalidixic acid; norfloxacin; sparfloxacin"
QnrB76;quinolone;fluoroquinolone antibiotic;"ciprofloxacin; levofloxacin; moxifloxacin; gatifloxacin; nalidixic acid; norfloxacin; sparfloxacin"
PmpM;aminoglycoside, quinolone;"fluoroquinolone antibiotic; aminoglycoside antibiotic; disinfecting agents and antiseptics";"neomycin; benzalkonium chloride; chlorhexidine"
mdeA;aminoglycoside, beta-lactam, quinolone;"fluoroquinolone antibiotic; aminoglycoside antibiotic; penam; tetracycline antibiotic; disinfecting agents and antiseptics";"ciprofloxacin; acriflavine; kanamycin A; tetracycline; oxacillin; ampicillin; nalidixic acid"
Klebsiella pneumoniae acrR with mutation conferring multidrug antibiotic resistance;amphenicol, beta-lactam, quinolone, rifamycin, tetracycline;"fluoroquinolone antibiotic; cephalosporin; glycylcycline; penam; tetracycline antibiotic; rifamycin antibiotic; phenicol antibiotic; disinfecting agents and antiseptics";"tigecycline; tetracycline; rifampin; chloramphenicol; ampicillin; cefalotin; triclosan"
rsmA;amphenicol, folate pathway antagonist, quinolone;"fluoroquinolone antibiotic; diaminopyrimidine antibiotic; phenicol antibiotic";"trimethoprim; chloramphenicol"
norC;quinolone;"fluoroquinolone antibiotic; disinfecting agents and antiseptics";"ciprofloxacin; acriflavine; norfloxacin"
sdrM;quinolone;"fluoroquinolone antibiotic; disinfecting agents and antiseptics";norfloxacin
marA;amphenicol, beta-lactam, quinolone, rifamycin, tetracycline;"fluoroquinolone antibiotic; monobactam; carbapenem; cephalosporin; glycylcycline; cephamycin; penam; tetracycline antibiotic; rifamycin antibiotic; phenicol antibiotic; penem; disinfecting agents and antiseptics";"tigecycline; tetracycline; rifampin; chloramphenicol; ampicillin; cefalotin; triclosan"
vanG;glycopeptide;glycopeptide antibiotic;vancomycin
vanH gene in vanB cluster;glycopeptide;glycopeptide antibiotic;vancomycin
vanW gene in vanG cluster;glycopeptide;glycopeptide antibiotic;vancomycin
vanY gene in vanB cluster;glycopeptide;glycopeptide antibiotic;vancomycin
linG;lincosamide;lincosamide antibiotic;lincomycin
lnuA;lincosamide;lincosamide antibiotic;"lincomycin; pirlimycin"
lnuB;lincosamide;lincosamide antibiotic;"lincomycin; clindamycin"
lnuF;lincosamide;lincosamide antibiotic;"lincomycin; clindamycin"
lnuG;lincosamide;lincosamide antibiotic;lincomycin
lsaE;lincosamide, pleuromutilin;"lincosamide antibiotic; streptogramin antibiotic; pleuromutilin antibiotic";"lincomycin; pleuromutilin"
mefC;macrolide;macrolide antibiotic;
mphA;macrolide;macrolide antibiotic;"erythromycin; roxithromycin; telithromycin; clarithromycin; azithromycin; dirithromycin; oleandomycin"
mphC;macrolide;macrolide antibiotic;"erythromycin; roxithromycin; telithromycin; clarithromycin; tylosin; spiramycin; azithromycin; dirithromycin; oleandomycin"
mphE;macrolide;macrolide antibiotic;erythromycin
mphF;macrolide;macrolide antibiotic;"erythromycin; roxithromycin; clarithromycin; tylosin; azithromycin"
mphG;macrolide;macrolide antibiotic;"erythromycin; clarithromycin; azithromycin"
Mrx;macrolide;macrolide antibiotic;
Klebsiella pneumoniae KpnE;aminoglycoside, beta-lactam, macrolide, peptide, rifamycin, tetracycline;"macrolide antibiotic; aminoglycoside antibiotic; cephalosporin; tetracycline antibiotic; peptide antibiotic; rifamycin antibiotic; disinfecting agents and antiseptics";"erythromycin; streptomycin; tetracycline; cefepime; ceftriaxone; rifampin; colistin A; colistin B; triclosan; benzalkonium chloride; chlorhexidine"
Klebsiella pneumoniae KpnF;aminoglycoside, beta-lactam, macrolide, peptide, rifamycin, tetracycline;"macrolide antibiotic; aminoglycoside antibiotic; cephalosporin; tetracycline antibiotic; peptide antibiotic; rifamycin antibiotic; disinfecting agents and antiseptics";"erythromycin; streptomycin; tetracycline; cefepime; ceftriaxone; rifampin; colistin A; colistin B; triclosan; benzalkonium chloride; chlorhexidine"
Klebsiella pneumoniae KpnG;aminoglycoside, beta-lactam, macrolide, peptide, quinolone;"macrolide antibiotic; fluoroquinolone antibiotic; aminoglycoside antibiotic; carbapenem; cephalosporin; penam; peptide antibiotic; penem";"erythromycin; gentamicin C; ciprofloxacin; spectinomycin; streptomycin; tobramycin; ceftazidime; ertapenem; piperacillin; azithromycin; imipenem; polymyxin B; polymyxin B1; polymyxin B2; polymyxin B3; polymyxin B4; norfloxacin; ticarcillin; gentamicin"
Klebsiella pneumoniae KpnH;aminoglycoside, beta-lactam, macrolide, peptide, quinolone;"macrolide antibiotic; fluoroquinolone antibiotic; aminoglycoside antibiotic; carbapenem; cephalosporin; penam; peptide antibiotic; penem";"erythromycin; gentamicin C; ciprofloxacin; spectinomycin; streptomycin; tobramycin; ceftazidime; ertapenem; piperacillin; azithromycin; imipenem; polymyxin B; polymyxin B1; polymyxin B2; polymyxin B3; polymyxin B4; norfloxacin; ticarcillin; gentamicin"
MexC;aminoglycoside, aminocoumarin, amphenicol, beta-lactam, folate pathway antagonist, macrolide, quinolone, tetracycline;"macrolide antibiotic; fluoroquinolone antibiotic; aminoglycoside antibiotic; cephalosporin; penam; tetracycline antibiotic; aminocoumarin antibiotic; diaminopyrimidine antibiotic; phenicol antibiotic";"erythromycin; gentamicin C; tetracycline; novobiocin; trimethoprim; chloramphenicol; ofloxacin; gentamicin"
MexD;aminoglycoside, aminocoumarin, amphenicol, beta-lactam, folate pathway antagonist, macrolide, quinolone, tetracycline;"macrolide antibiotic; fluoroquinolone antibiotic; aminoglycoside antibiotic; cephalosporin; penam; tetracycline antibiotic; aminocoumarin antibiotic; diaminopyrimidine antibiotic; phenicol antibiotic";"erythromycin; gentamicin C; tetracycline; novobiocin; trimethoprim; chloramphenicol; ofloxacin; gentamicin"
OprJ;aminoglycoside, aminocoumarin, amphenicol, beta-lactam, folate pathway antagonist, macrolide, quinolone, tetracycline;"macrolide antibiotic; fluoroquinolone antibiotic; aminoglycoside antibiotic; cephalosporin; penam; tetracycline antibiotic; aminocoumarin antibiotic; diaminopyrimidine antibiotic; phenicol antibiotic";"erythromycin; gentamicin C; tetracycline; novobiocin; trimethoprim; chloramphenicol; ofloxacin; gentamicin"
Type B NfxB;aminoglycoside, aminocoumarin, amphenicol, beta-lactam, folate pathway antagonist, macrolide, quinolone, tetracycline;"macrolide antibiotic; fluoroquinolone antibiotic; aminoglycoside antibiotic; cephalosporin; penam; tetracycline antibiotic; aminocoumarin antibiotic; diaminopyrimidine antibiotic; phenicol antibiotic";"erythromycin; gentamicin C; tetracycline; novobiocin; trimethoprim; chloramphenicol; ofloxacin; gentamicin"
ParR;aminoglycoside, amphenicol, beta-lactam, macrolide, quinolone;"macrolide antibiotic; fluoroquinolone antibiotic; monobactam; aminoglycoside antibiotic; carbapenem; cephalosporin; cephamycin; penam; tetracycline antibiotic; phenicol antibiotic; penem; disinfecting agents and antiseptics";"erythromycin; amikacin; gentamicin C; ciprofloxacin; acriflavine; tetracycline; tobramycin; meropenem; imipenem; chloramphenicol; norfloxacin; ofloxacin; gentamicin"
ParS;aminoglycoside, amphenicol, beta-lactam, macrolide, quinolone;"macrolide antibiotic; fluoroquinolone antibiotic; monobactam; aminoglycoside antibiotic; carbapenem; cephalosporin; cephamycin; penam; tetracycline antibiotic; phenicol antibiotic; penem; disinfecting agents and antiseptics";"erythromycin; amikacin; gentamicin C; ciprofloxacin; acriflavine; tetracycline; tobramycin; meropenem; imipenem; chloramphenicol; norfloxacin; ofloxacin; gentamicin"
mdtE;beta-lactam, macrolide, quinolone;"macrolide antibiotic; fluoroquinolone antibiotic; penam";"erythromycin; cloxacillin; oxacillin; norfloxacin"
mdtF;beta-lactam, macrolide, quinolone;"macrolide antibiotic; fluoroquinolone antibiotic; penam";"erythromycin; cloxacillin; oxacillin; norfloxacin"
MexV;amphenicol, macrolide, quinolone, tetracycline;"macrolide antibiotic; fluoroquinolone antibiotic; tetracycline antibiotic; phenicol antibiotic; disinfecting agents and antiseptics";"erythromycin; acriflavine; tetracycline; chloramphenicol"
MexW;amphenicol, macrolide, quinolone, tetracycline;"macrolide antibiotic; fluoroquinolone antibiotic; tetracycline antibiotic; phenicol antibiotic; disinfecting agents and antiseptics";"erythromycin; acriflavine; tetracycline; chloramphenicol"
msrE;macrolide;"macrolide antibiotic; streptogramin antibiotic";erythromycin
msrA;marolide, streptogramin b;"macrolide antibiotic; streptogramin antibiotic; streptogramin B antibiotic";"erythromycin; quinupristin"
Klebsiella pneumoniae OmpK37;beta-lactam;"monobactam; carbapenem; cephalosporin; cephamycin; penam; penem";"cefoxitin; cefotaxime"
KPC-3;beta-lactam;"monobactam; carbapenem; cephalosporin; penam";
KPC-40;beta-lactam;"monobactam; carbapenem; cephalosporin; penam";
KPC-65;beta-lactam;"monobactam; carbapenem; cephalosporin; penam";
KPC-83;beta-lactam;"monobactam; carbapenem; cephalosporin; penam";
PER-1;beta-lactam;"monobactam; carbapenem; cephalosporin; penam; penem";
PER-8;beta-lactam;"monobactam; carbapenem; cephalosporin; penam; penem";
PER-9;beta-lactam;"monobactam; carbapenem; cephalosporin; penam; penem";
VEB-1;beta-lactam;"monobactam; cephalosporin";
VEB-21;beta-lactam;"monobactam; cephalosporin";
VEB-6;beta-lactam;"monobactam; cephalosporin";
VEB-9;beta-lactam;"monobactam; cephalosporin";
TEM-1;beta-lactam;"monobactam; cephalosporin; penam; penem";"cefazolin; amoxicillin; ampicillin; cefalotin"
TEM-135;beta-lactam;"monobactam; cephalosporin; penam; penem";"penicillin; ampicillin"
TEM-163;beta-lactam;"monobactam; cephalosporin; penam; penem";ampicillin
TEM-169;beta-lactam;"monobactam; cephalosporin; penam; penem";ampicillin
TEM-176;beta-lactam;"monobactam; cephalosporin; penam; penem";ampicillin
TEM-190;beta-lactam;"monobactam; cephalosporin; penam; penem";ampicillin
TEM-2;beta-lactam;"monobactam; cephalosporin; penam; penem";ampicillin
TEM-206;beta-lactam;"monobactam; cephalosporin; penam; penem";ampicillin
TEM-210;beta-lactam;"monobactam; cephalosporin; penam; penem";ampicillin
TEM-231;beta-lactam;"monobactam; cephalosporin; penam; penem";ampicillin
TEM-24;beta-lactam;"monobactam; cephalosporin; penam; penem";ampicillin
TEM-243;beta-lactam;"monobactam; cephalosporin; penam; penem";ampicillin
TEM-244;beta-lactam;"monobactam; cephalosporin; penam; penem";ampicillin
TEM-247;beta-lactam;"monobactam; cephalosporin; penam; penem";ampicillin
TEM-26;beta-lactam;"monobactam; cephalosporin; penam; penem";ampicillin
TEM-30;beta-lactam;"monobactam; cephalosporin; penam; penem";"amoxicillin; ampicillin; cefalotin"
TEM-33;beta-lactam;"monobactam; cephalosporin; penam; penem";ampicillin
TEM-35;beta-lactam;"monobactam; cephalosporin; penam; penem";ampicillin
TEM-40;beta-lactam;"monobactam; cephalosporin; penam; penem";ampicillin
Staphylococcus aureus mupA conferring resistance to mupirocin;pseudomonic acid;mupirocin-like antibiotic;mupirocin
msbA;nitroimidazole;nitroimidazole antibiotic;metronidazole
SAT-2;nucleoside;nucleoside antibiotic;streptothricin
SAT-4;nucleoside;nucleoside antibiotic;streptothricin
leuO;nucleoside;"nucleoside antibiotic; disinfecting agents and antiseptics";"acriflavine; puromycin"
mdtN;nucleoside;"nucleoside antibiotic; disinfecting agents and antiseptics";"acriflavine; puromycin"
mdtO;nucleoside;"nucleoside antibiotic; disinfecting agents and antiseptics";"acriflavine; puromycin"
mdtP;nucleoside;"nucleoside antibiotic; disinfecting agents and antiseptics";"acriflavine; puromycin"
PC1 beta-lactamase (blaZ);beta-lactam;penam;
MCR-1.18;peptide;peptide antibiotic;"colistin A; colistin B"
OmpA;peptide;peptide antibiotic;"polymyxin B; defensin"
PmrF;peptide;peptide antibiotic;polymyxin B
ugd;peptide;peptide antibiotic;polymyxin B
YojI;peptide;peptide antibiotic;microcin J25
LptD;aminocoumarin, peptide, rifamycin;"peptide antibiotic; aminocoumarin antibiotic; rifamycin antibiotic";
mexM;amphenicol;phenicol antibiotic;"chloramphenicol; thiamphenicol"
mexN;amphenicol;phenicol antibiotic;"chloramphenicol; thiamphenicol"
Pseudomonas aeruginosa catB7;amphenicol;phenicol antibiotic;"azidamfenicol; chloramphenicol; thiamphenicol"
Staphylococcus intermedius chloramphenicol acetyltransferase;amphenicol;phenicol antibiotic;chloramphenicol
mdtG;fosfomycin;phosphonic acid antibiotic;fosfomycin
tet(45);tetracycline;tetracycline antibiotic;tetracycline
tetR;tetracycline;tetracycline antibiotic;tetracycline
