Resistance gene;Phenotype
aph(6)-Id;Streptomycin
aph(3'')-Ib;Streptomycin
aac(3)-IIa;Gentamicin, Tobramycin, Apramycin, Gentamicin, Tobramycin, Dibekacin, Netilmicin, Sisomicin
blaKPC-2;Amoxicillin, Amoxicillin+Clavulanic acid, Ampicillin, Ampicillin+Clavulanic acid, Aztreonam, Cefepime, Cefotaxime, Cefoxitin, Ceftazidime, Ertapenem, Imipenem, Meropenem, Piperacillin, Piperacillin+Tazobactam, Ticarcillin, Ticarcillin+Clavulanic acid
qnrB19;Ciprofloxacin
blaNDM-7;Amoxicillin, Amoxicillin+Clavulanic acid, Ampicillin, Ampicillin+Clavulanic acid, Cefepime, Cefixime, Cefotaxime, Cefoxitin, Ceftazidime, Ertapenem, Imipenem, Meropenem, Piperacillin, Piperacillin+Tazobactam, Temocillin
tet(K);Doxycycline, Tetracycline
aadA1;Spectinomycin, Streptomycin
aac(6')-Ib-cr;Ciprofloxacin, Tobramycin, Dibekacin, Amikacin, Sisomicin, Netilmicin, Fluoroquinolone, Ciprofloxacin
ant(2'')-Ia;Gentamicin, Tobramycin
blaCTX-M-15;Amoxicillin, Ampicillin, Aztreonam, Cefepime, Cefotaxime, Ceftazidime, Ceftriaxone, Piperacillin, Ticarcillin
blaTEM-1B;Amoxicillin, Ampicillin, Cephalothin, Piperacillin, Ticarcillin
blaOXA-1;Amoxicillin, Amoxicillin+Clavulanic acid, Ampicillin, Ampicillin+Clavulanic acid, Cefepime, Piperacillin, Piperacillin+Tazobactam
catA1;Chloramphenicol
catB3;Chloramphenicol
qnrS1;Ciprofloxacin
sul1;Sulfamethoxazole
ant(6)-Ia;Streptomycin
aph(3')-III;Kanamycin, Amikacin, Neomycin, Butirosin, Isepamicin, Lividomycin, Paromomycin, Ribostamycin
blaZ;Amoxicillin, Ampicillin, Penicillin, Piperacillin
erm(C);Erythromycin, Lincomycin, Clindamycin, Quinupristin, Pristinamycin IA, Virginiamycin S
aadA15;Spectinomycin, Streptomycin
aac(6')-Il;Amikacin, Tobramycin
aph(3')-Ia;Kanamycin, Neomycin, Kanamycin, Lividomycin, Paromomycin, Ribostamycin, Kanamycin, Neomycin, Unknown Aminoglycoside
blaVIM-1;Amoxicillin, Amoxicillin+Clavulanic acid, Ampicillin, Ampicillin+Clavulanic acid, Cefepime, Cefixime, Cefotaxime, Cefoxitin, Ceftazidime, Ertapenem, Imipenem, Meropenem, Piperacillin, Piperacillin+Tazobactam
mph(A);Erythromycin, Azithromycin, Spiramycin, Telithromycin
dfrA1;Trimethoprim
rmtB;Amikacin, Gentamicin, Tobramycin, Kanamycin, Arbekacin, Sisomicin, Isepamicin
blaVEB-1;Amoxicillin, Amoxicillin+Clavulanic acid, Ampicillin, Ampicillin+Clavulanic acid, Cefotaxime, Cefoxitin, Cefepime, Ceftazidime, Piperacillin, Piperacillin+Tazobactam, Ticarcillin, Ticarcillin+Clavulanic acid, Aztreonam
blaOXA-10;Amoxicillin, Ampicillin, Aztreonam, Piperacillin, Piperacillin+Tazobactam
cmlA1;Chloramphenicol
floR;Chloramphenicol, Florfenicol
ARR-2;Rifampicin
sul2;Sulfamethoxazole
tet(A);Doxycycline, Tetracycline
tet(G);Doxycycline, Tetracycline
aac(3)-IId;Apramycin, Gentamicin, Tobramycin, Dibekacin, Netilmicin, Sisomicin
aadA2;Spectinomycin, Streptomycin
aadA5;Spectinomycin, Streptomycin
blaNDM-5;Amoxicillin, Amoxicillin+Clavulanic acid, Ampicillin, Ampicillin+Clavulanic acid, Cefepime, Cefixime, Cefotaxime, Cefoxitin, Ceftazidime, Ertapenem, Imipenem, Meropenem, Piperacillin, Piperacillin+Tazobactam, Temocillin
tet(B);Doxycycline, Tetracycline, Minocycline
dfrA12;Trimethoprim
dfrA17;Trimethoprim
blaTEM-1D;Amoxicillin, Ampicillin, Cephalothin, Piperacillin, Ticarcillin
blaOXA-48;Amoxicillin, Amoxicillin+Clavulanic acid, Ampicillin, Ampicillin+Clavulanic acid, Imipenem, Meropenem, Piperacillin, Piperacillin+Tazobactam
dfrA19;Trimethoprim
aph(3')-VI;Amikacin
aph(3')-Ia;Neomycin, Kanamycin, Lividomycin, Paromomycin, Ribostamycin, Kanamycin, Neomycin, Unknown Aminoglycoside, Kanamycin
blaNDM-1;Amoxicillin, Amoxicillin+Clavulanic acid, Ampicillin, Ampicillin+Clavulanic acid, Cefepime, Cefixime, Cefotaxime, Cefoxitin, Ceftazidime, Ertapenem, Imipenem, Meropenem, Piperacillin, Piperacillin+Tazobactam, Temocillin
blaCMY-6;Amoxicillin, Amoxicillin+Clavulanic acid, Ampicillin, Ampicillin+Clavulanic acid, Cefotaxime, Cefoxitin, Ceftazidime, Piperacillin, Piperacillin+Tazobactam, Ticarcillin, Ticarcillin+Clavulanic acid
aac(3)-IIa;Apramycin, Gentamicin, Tobramycin, Dibekacin, Netilmicin, Sisomicin, Gentamicin, Tobramycin
dfrA14;Trimethoprim
aph(3')-Ia;Neomycin, Kanamycin, Lividomycin, Paromomycin, Ribostamycin, Unknown Aminoglycoside, Kanamycin, Kanamycin, Neomycin
armA;Amikacin, Gentamicin, Tobramycin, Isepamicin, Netilmicin
msr(E);Erythromycin, Azithromycin, Quinupristin, Pristinamycin IA, Virginiamycin S
mph(E);Erythromycin
msr(A);Erythromycin, Azithromycin, Telithromycin, Quinupristin, Pristinamycin IA, Virginiamycin S
mph(C);Erythromycin, Spiramycin, Telithromycin
dfrA15;Trimethoprim
rmtC;Amikacin, Gentamicin, Tobramycin, Kanamycin, Arbekacin, Sisomicin, Isepamicin
aac(6')-Ib3;Amikacin, Tobramycin
aac(6')-Ib-cr;Tobramycin, Dibekacin, Amikacin, Sisomicin, Netilmicin, Fluoroquinolone, Ciprofloxacin, Ciprofloxacin
erm(B);Erythromycin, Lincomycin, Clindamycin, Quinupristin, Pristinamycin IA, Virginiamycin S
aac(6')-Ib-Hangzhou;Amikacin, Tobramycin
blaGES-1;Amoxicillin, Amoxicillin+Clavulanic acid, Ampicillin, Ampicillin+Clavulanic acid, Cefoxitin, Ceftazidime, Piperacillin, Ticarcillin
tet(L);Doxycycline, Tetracycline, Minocycline, Tigecycline, Doxycycline, Tetracycline
qnrB1;Ciprofloxacin
aac(6')-Ib;Amikacin, Tobramycin, Amikacin, Tobramycin, Kanamycin
blaTEM-1A;Amoxicillin, Ampicillin, Cephalothin, Piperacillin, Ticarcillin
blaOXA-9;Amoxicillin, Ampicillin
aadA2b;Spectinomycin, Streptomycin
blaCTX-M-9;Amoxicillin, Ampicillin, Aztreonam, Cefepime, Cefotaxime, Ceftazidime, Ceftriaxone, Piperacillin, Ticarcillin
blaSHV-12;Amoxicillin, Ampicillin, Aztreonam, Cefepime, Cefotaxime, Ceftazidime, Ceftriaxone, Piperacillin, Ticarcillin
blaOXA-427;Amoxicillin, Ampicillin, Aztreonam, Cefepime, Ceftazidime, Ertapenem, Imipenem, Meropenem, Piperacillin, Piperacillin+Tazobactam, Temocillin
dfrA16;Trimethoprim
aph(3')-Ia;Kanamycin, Unknown Aminoglycoside, Kanamycin, Neomycin, Neomycin, Kanamycin, Lividomycin, Paromomycin, Ribostamycin
blaLAP-2;Amoxicillin, Ampicillin, Cephalotin, Piperacillin, Ticarcillin
qnrA6;Ciprofloxacin
aph(3')-Ia;Kanamycin, Kanamycin, Neomycin, Unknown Aminoglycoside, Neomycin, Kanamycin, Lividomycin, Paromomycin, Ribostamycin
aph(3')-Ia;Kanamycin, Kanamycin, Neomycin, Neomycin, Kanamycin, Lividomycin, Paromomycin, Ribostamycin, Unknown Aminoglycoside
blaCTX-M-14;Amoxicillin, Ampicillin, Aztreonam, Cefepime, Cefotaxime, Ceftazidime, Ceftriaxone, Piperacillin, Ticarcillin
ARR-3;Rifampicin
aph(3')-VIa;Kanamycin, Neomycin, Paromomycin, Ribostamycin, Butirosin, Gentamicin, Amikacin
blaKPC-3;Amoxicillin, Amoxicillin+Clavulanic acid, Ampicillin, Ampicillin+Clavulanic acid, Aztreonam, Cefepime, Cefotaxime, Cefoxitin, Ceftazidime, Ertapenem, Imipenem, Meropenem, Piperacillin, Piperacillin+Tazobactam, Ticarcillin, Ticarcillin+Clavulanic acid
blaSHV-182;Unknown Beta-lactam
blaSHV-159;Unknown Beta-lactam
blaSHV-158;Unknown Beta-lactam
blaCARB-2;Ampicillin, Amoxicillin, Piperacillin
blaOXA-58;Amoxicillin, Amoxicillin+Clavulanic acid, Ampicillin, Ampicillin+Clavulanic acid, Imipenem, Meropenem
blaIMP-4;Amoxicillin, Amoxicillin+Clavulanic acid, Ampicillin, Ampicillin+Clavulanic acid, Cefepime, Cefixime, Cefotaxime, Cefoxitin, Ceftazidime, Ertapenem, Imipenem, Meropenem, Piperacillin, Piperacillin+Tazobactam
aph(3')-Ia;Neomycin, Kanamycin, Lividomycin, Paromomycin, Ribostamycin, Kanamycin, Neomycin, Kanamycin, Unknown Aminoglycoside
blaTEM-176;Unknown Beta-lactam
blaOXA-232;Amoxicillin, Amoxicillin+Clavulanic acid, Ampicillin, Ampicillin+Clavulanic acid, Piperacillin, Piperacillin+Tazobactam
qnrS2;Ciprofloxacin
dfrB1;Trimethoprim
aph(3')-Ia;Kanamycin, Unknown Aminoglycoside, Neomycin, Kanamycin, Lividomycin, Paromomycin, Ribostamycin, Kanamycin, Neomycin
aadA1b;Spectinomycin, Streptomycin
blaCTX-M-39;Amoxicillin, Ampicillin, Aztreonam, Cefepime, Cefotaxime, Ceftazidime, Ceftriaxone, Piperacillin, Ticarcillin
blaOXA-514;Unknown Beta-lactam
ere(A);Erythromycin
tet(C);Doxycycline, Tetracycline
sul3;Sulfamethoxazole
blaDHA-24;Amoxicillin, Amoxicillin+Clavulanic acid, Ampicillin, Ampicillin+Clavulanic acid, Cefotaxime, Cefoxitin, Ceftazidime, Piperacillin, Piperacillin+Tazobactam, Ticarcillin, Ticarcillin+Clavulanic acid
blaDHA-7;Amoxicillin, Amoxicillin+Clavulanic acid, Ampicillin, Ampicillin+Clavulanic acid, Cefotaxime, Cefoxitin, Ceftazidime, Piperacillin, Piperacillin+Tazobactam, Ticarcillin, Ticarcillin+Clavulanic acid
blaDHA-1;Amoxicillin, Amoxicillin+Clavulanic acid, Ampicillin, Ampicillin+Clavulanic acid, Cefotaxime, Cefoxitin, Ceftazidime, Piperacillin, Piperacillin+Tazobactam, Ticarcillin, Ticarcillin+Clavulanic acid
blaOXA-162;Amoxicillin, Ampicillin, Cefepime, Ertapenem, Imipenem, Meropenem, Piperacillin, Piperacillin+Tazobactam
blaCTX-M-27;Amoxicillin, Ampicillin, Aztreonam, Cefepime, Cefotaxime, Ceftazidime, Ceftriaxone, Piperacillin, Ticarcillin
aph(3')-Ia;Neomycin, Kanamycin, Lividomycin, Paromomycin, Ribostamycin, Unknown Aminoglycoside, Kanamycin, Neomycin, Kanamycin
qnrA1;Ciprofloxacin
aph(3')-Ia;Kanamycin, Neomycin, Unknown Aminoglycoside, Neomycin, Kanamycin, Lividomycin, Paromomycin, Ribostamycin, Kanamycin
aac(6')-IIc;Gentamicin, Tobramycin
aac(6')-Ib;Amikacin, Tobramycin, Kanamycin, Amikacin, Tobramycin
blaTEM-206;Amoxicillin, Ampicillin, Cephalothin, Piperacillin, Ticarcillin
dfrA5;Trimethoprim
fosA;Fosfomycin
blaCMY-42;Amoxicillin, Amoxicillin+Clavulanic acid, Ampicillin, Ampicillin+Clavulanic acid, Cefotaxime, Cefoxitin, Ceftazidime, Piperacillin, Piperacillin+Tazobactam, Ticarcillin, Ticarcillin+Clavulanic acid
lnu(A);Lincomycin
aph(3')-Ia;Kanamycin, Neomycin, Unknown Aminoglycoside, Kanamycin, Neomycin, Kanamycin, Lividomycin, Paromomycin, Ribostamycin
blaTEM-1C;Amoxicillin, Ampicillin, Cephalothin, Piperacillin, Ticarcillin
aph(2'')-Ia;Amikacin, Gentamicin, Tobramycin, Kanamycin
dfrE;Trimethoprim
qnrB4;Ciprofloxacin
blaVIM-4;Amoxicillin, Amoxicillin+Clavulanic acid, Ampicillin, Ampicillin+Clavulanic acid, Cefepime, Cefixime, Cefotaxime, Cefoxitin, Ceftazidime, Ertapenem, Imipenem, Meropenem, Piperacillin, Piperacillin+Tazobactam
catA2;Chloramphenicol
blaOXA-181;Amoxicillin, Amoxicillin+Clavulanic acid, Ampicillin, Ampicillin+Clavulanic acid, Cefepime, Ertapenem, Imipenem, Meropenem, Piperacillin, Piperacillin+Tazobactam
blaCMY-4;Amoxicillin, Amoxicillin+Clavulanic acid, Ampicillin, Ampicillin+Clavulanic acid, Cefotaxime, Cefoxitin, Ceftazidime, Piperacillin, Piperacillin+Tazobactam, Ticarcillin, Ticarcillin+Clavulanic acid
blaCMY-16;Amoxicillin, Amoxicillin+Clavulanic acid, Ampicillin, Ampicillin+Clavulanic acid, Cefotaxime, Cefoxitin, Ceftazidime, Piperacillin, Piperacillin+Tazobactam, Ticarcillin, Ticarcillin+Clavulanic acid
aph(3')-Ia;Unknown Aminoglycoside, Neomycin, Kanamycin, Lividomycin, Paromomycin, Ribostamycin, Kanamycin, Kanamycin, Neomycin
blaCTX-M-14b;Amoxicillin, Ampicillin, Aztreonam, Cefepime, Cefotaxime, Ceftazidime, Ceftriaxone, Piperacillin, Ticarcillin
tet(D);Doxycycline, Tetracycline
blaIMI-2;Amoxicillin, Amoxicillin+Clavulanic acid, Ampicillin, Ampicillin+Clavulanic acid, Cefepime, Cefixime, Cefotaxime, Cefoxitin, Ceftazidime, Ertapenem, Imipenem, Meropenem, Piperacillin, Piperacillin+Tazobactam
aph(3')-VIb;Kanamycin, Neomycin, Paromomycin, Ribostamycin, Butirosin, Gentamicin, Amikacin
cat(pC221);Chloramphenicol
blaIMP-1;Amoxicillin, Amoxicillin+Clavulanic acid, Ampicillin, Ampicillin+Clavulanic acid, Cefepime, Cefixime, Cefotaxime, Cefoxitin, Ceftazidime, Ertapenem, Imipenem, Meropenem, Piperacillin, Piperacillin+Tazobactam
aadD;Amikacin, Tobramycin
dfrK;Trimethoprim
cat(pC233);Chloramphenicol
blaVEB-6;Unknown Beta-lactam
mupA;Mupirocin
lsa(E);Lincomycin, Clindamycin, Dalfopristin, Pristinamycin IIA, Virginiamycin M, Tiamulin
lnu(B);Lincomycin, Clindamycin
tet(39);Doxycycline, Tetracycline
erm(T);Erythromycin, Lincomycin, Clindamycin, Quinupristin, Pristinamycin IA, Virginiamycin S
tet(L);Doxycycline, Tetracycline, Doxycycline, Tetracycline, Minocycline, Tigecycline
aac(6')-31;Amikacin, Gentamicin, Tobramycin, Neomycin, Kanamycin, Netilmicin, Isepamicin, Sisomicin
tet(M);Doxycycline, Tetracycline, Minocycline
rmtF;Amikacin, Gentamicin, Tobramycin
mcr-10.4;Colistin
mcr-10.2;Colistin
blaOXA-245;Cefotaxime, Cefotaxime+Clavulanic acid, Ertapenem, Imipenem
blaTEM-40;Amoxicillin, Amoxicillin+Clavulanic acid, Ampicillin, Ampicillin+Clavulanic acid, Piperacillin, Piperacillin+Tazobactam, Ticarcillin, Ticarcillin+Clavulanic acid
blaTEM-171;Unknown Beta-lactam
blaTEM-150;Unknown Beta-lactam
aph(3')-Ia;Kanamycin, Neomycin, Kanamycin, Lividomycin, Paromomycin, Ribostamycin, Unknown Aminoglycoside, Kanamycin, Neomycin
dfrA8;Trimethoprim
fosB;Fosfomycin
blaCTX-M-210;Amoxicillin, Ampicillin, Aztreonam, Cefepime, Cefotaxime, Ceftazidime, Ceftriaxone, Piperacillin, Ticarcillin
blaCTX-M-194;Amoxicillin, Ampicillin, Aztreonam, Cefepime, Cefotaxime, Ceftazidime, Ceftriaxone, Piperacillin, Ticarcillin
blaCTX-M-186;Amoxicillin, Ampicillin, Aztreonam, Cefepime, Cefotaxime, Ceftazidime, Ceftriaxone, Piperacillin, Ticarcillin
blaCTX-M-184;Amoxicillin, Ampicillin, Aztreonam, Cefepime, Cefotaxime, Ceftazidime, Ceftriaxone, Piperacillin, Ticarcillin
blaCTX-M-183;Amoxicillin, Ampicillin, Aztreonam, Cefepime, Cefotaxime, Ceftazidime, Ceftriaxone, Piperacillin, Ticarcillin
blaCTX-M-182;Amoxicillin, Ampicillin, Aztreonam, Cefepime, Cefotaxime, Ceftazidime, Ceftriaxone, Piperacillin, Ticarcillin
blaCTX-M-163;Amoxicillin, Ampicillin, Aztreonam, Cefepime, Cefotaxime, Ceftazidime, Ceftriaxone, Piperacillin, Ticarcillin
blaCTX-M-142;Amoxicillin, Ampicillin, Aztreonam, Cefepime, Cefotaxime, Ceftazidime, Ceftriaxone, Piperacillin, Ticarcillin
blaCTX-M-139;Amoxicillin, Ampicillin, Aztreonam, Cefepime, Cefotaxime, Ceftazidime, Ceftriaxone, Piperacillin, Ticarcillin
blaCTX-M-82;Amoxicillin, Ampicillin, Aztreonam, Cefepime, Cefotaxime, Ceftazidime, Ceftriaxone, Piperacillin, Ticarcillin
blaGES-11;Amoxicillin, Amoxicillin+Clavulanic acid, Ampicillin, Ampicillin+Clavulanic acid, Cefoxitin, Ceftazidime, Piperacillin, Ticarcillin
dfrA7;Trimethoprim
blaTEM-234;Unknown Beta-lactam
blaTEM-230;Unknown Beta-lactam
blaTEM-217;Unknown Beta-lactam
blaTEM-207;Amoxicillin, Ampicillin, Aztreonam, Cefepime, Cefotaxime, Ceftazidime, Ceftriaxone, Piperacillin, Ticarcillin
blaTEM-198;Unknown Beta-lactam
blaTEM-104;Unknown Beta-lactam
blaTEM-30;Amoxicillin, Amoxicillin+Clavulanic acid, Ampicillin, Ampicillin+Clavulanic acid, Piperacillin, Piperacillin+Tazobactam, Ticarcillin, Ticarcillin+Clavulanic acid
blaOXA-72;Unknown Beta-lactam
qnrD1;Ciprofloxacin
blaOXA-23;Imipenem, Meropenem
blaTEM-35;Amoxicillin, Amoxicillin+Clavulanic acid, Ampicillin, Ampicillin+Clavulanic acid, Piperacillin, Piperacillin+Tazobactam, Ticarcillin, Ticarcillin+Clavulanic acid
blaOXA-244;Unknown Beta-lactam
blaSHV-44;Amoxicillin, Ampicillin, Cephalothin, Piperacillin, Ticarcillin
fusB;Fusidic acid
qnrB32;Ciprofloxacin
qnrB9;Ciprofloxacin
blaCTX-M-195;Amoxicillin, Ampicillin, Aztreonam, Cefepime, Cefotaxime, Ceftazidime, Ceftriaxone, Piperacillin, Ticarcillin
dfrA27;Trimethoprim
blaCMY-145;Amoxicillin, Amoxicillin+Clavulanic acid, Ampicillin, Ampicillin+Clavulanic acid, Cefotaxime, Cefoxitin, Ceftazidime, Piperacillin, Piperacillin+Tazobactam, Ticarcillin, Ticarcillin+Clavulanic acid
aph(3')-Ia;Neomycin, Kanamycin, Lividomycin, Paromomycin, Ribostamycin, Kanamycin, Kanamycin, Neomycin, Unknown Aminoglycoside
blaSHV-1;Amoxicillin, Ampicillin, Cephalothin, Piperacillin, Ticarcillin
blaSHV-161;Unknown Beta-lactam
aph(3')-Ia;Kanamycin, Neomycin, Kanamycin, Neomycin, Kanamycin, Lividomycin, Paromomycin, Ribostamycin, Unknown Aminoglycoside
blaCMY-2;Amoxicillin, Amoxicillin+Clavulanic acid, Ampicillin, Ampicillin+Clavulanic acid, Cefotaxime, Cefoxitin, Ceftazidime, Piperacillin, Piperacillin+Tazobactam, Ticarcillin, Ticarcillin+Clavulanic acid
aph(3')-Ia;Neomycin, Kanamycin, Lividomycin, Paromomycin, Ribostamycin, Kanamycin, Unknown Aminoglycoside, Kanamycin, Neomycin
aph(3')-XV;Unknown Aminoglycoside
catB2;Chloramphenicol
aac(6')-aph(2'');Gentamicin, Tobramycin, Netilmicin, Kanamycin, Amikacin, Dibekacin, Isepamicin, Fortimicin, Streptomycin
str;Streptomycin
aadA16;Spectinomycin, Streptomycin
qnrB6;Ciprofloxacin
aph(3')-Ia;Kanamycin, Neomycin, Neomycin, Kanamycin, Lividomycin, Paromomycin, Ribostamycin, Kanamycin, Unknown Aminoglycoside
blaSHV-106;Amoxicillin, Ampicillin, Aztreonam, Cefepime, Cefotaxime, Ceftazidime, Ceftriaxone, Piperacillin, Ticarcillin
blaSHV-28;Unknown Beta-lactam
qnrS13;Ciprofloxacin
blaOXA-505;Unknown Beta-lactam
qnrB7;Ciprofloxacin
mcr-10;Colistin
mecA;Amoxicillin, Amoxicillin+Clavulanic acid, Ampicillin, Ampicillin+Clavulanic acid, Cefepime, Cefixime, Cefotaxime, Cefoxitin, Ceftazidime, Ertapenem, Imipenem, Meropenem, Piperacillin, Piperacillin+Tazobactam
blaOXA-2;Amoxicillin, Amoxicillin+Clavulanic acid, Ampicillin, Ampicillin+Clavulanic acid, Ceftazidime, Piperacillin
blaVIM-5;Amoxicillin, Amoxicillin+Clavulanic acid, Ampicillin, Ampicillin+Clavulanic acid, Cefepime, Cefixime, Cefotaxime, Cefoxitin, Ceftazidime, Ertapenem, Imipenem, Meropenem, Piperacillin, Piperacillin+Tazobactam
blaCARB-49;Ampicillin, Amoxicillin, Piperacillin
blaCARB-16;Ampicillin, Amoxicillin, Piperacillin
blaCARB-5;Ampicillin, Amoxicillin, Piperacillin
blaVIM-6;Amoxicillin, Amoxicillin+Clavulanic acid, Ampicillin, Ampicillin+Clavulanic acid, Cefepime, Cefixime, Cefotaxime, Cefoxitin, Ceftazidime, Ertapenem, Imipenem, Meropenem, Piperacillin, Piperacillin+Tazobactam
blaVIM-2;Amoxicillin, Amoxicillin+Clavulanic acid, Ampicillin, Ampicillin+Clavulanic acid, Cefepime, Cefixime, Cefotaxime, Cefoxitin, Ceftazidime, Ertapenem, Imipenem, Meropenem, Piperacillin, Piperacillin+Tazobactam
dfrB2;Trimethoprim
blaCTX-M-3;Amoxicillin, Ampicillin, Aztreonam, Cefepime, Cefotaxime, Ceftazidime, Ceftriaxone, Piperacillin, Ticarcillin
OqxB;Chloramphenicol, Nalidixic acid, Ciprofloxacin, Trimethoprim
OqxA;Chloramphenicol, Nalidixic acid, Ciprofloxacin, Trimethoprim
aph(3')-Ia;Unknown Aminoglycoside, Kanamycin, Neomycin, Kanamycin, Lividomycin, Paromomycin, Ribostamycin, Kanamycin, Neomycin
aac(3)-I;Gentamicin, Astromicin, Fortimicin
blaACC-4;Amoxicillin, Amoxicillin+Clavulanic acid, Ampicillin, Ampicillin+Clavulanic acid, Cefotaxime, Cefoxitin, Ceftazidime, Piperacillin, Piperacillin+Tazobactam, Ticarcillin, Ticarcillin+Clavulanic acid
blaTEM-209;Unknown Beta-lactam
blaTEM-141;Amoxicillin, Ampicillin, Cephalothin, Piperacillin, Ticarcillin
blaTEM-135;Amoxicillin, Ampicillin, Cephalothin, Piperacillin, Ticarcillin
blaTEM-122;Amoxicillin, Amoxicillin+Clavulanic acid, Ampicillin, Ampicillin+Clavulanic acid, Piperacillin, Piperacillin+Tazobactam, Ticarcillin, Ticarcillin+Clavulanic acid
blaTEM-57;Amoxicillin, Ampicillin, Cephalothin, Piperacillin, Ticarcillin
blaTEM-55;Amoxicillin, Ampicillin, Cephalothin, Piperacillin, Ticarcillin
blaTEM-29;Amoxicillin, Ampicillin, Aztreonam, Cefepime, Cefotaxime, Ceftazidime, Ceftriaxone, Piperacillin, Ticarcillin
bleO;Bleomycin
blaNDM-19;Amoxicillin, Amoxicillin+Clavulanic acid, Ampicillin, Ampicillin+Clavulanic acid, Cefepime, Cefixime, Cefotaxime, Cefoxitin, Ceftazidime, Ertapenem, Imipenem, Meropenem, Piperacillin, Piperacillin+Tazobactam, Temocillin
mcr-1.1;Colistin
blaNDM-4;Amoxicillin, Amoxicillin+Clavulanic acid, Ampicillin, Ampicillin+Clavulanic acid, Cefepime, Cefixime, Cefotaxime, Cefoxitin, Ceftazidime, Ertapenem, Imipenem, Meropenem, Piperacillin, Piperacillin+Tazobactam, Temocillin
blaACC-1;Amoxicillin, Amoxicillin+Clavulanic acid, Ampicillin, Ampicillin+Clavulanic acid, Cefotaxime, Cefoxitin, Ceftazidime, Piperacillin, Piperacillin+Tazobactam, Ticarcillin, Ticarcillin+Clavulanic acid
aadA13;Spectinomycin, Streptomycin
ARR-8;Rifampicin
aph(3')-Ia;Unknown Aminoglycoside, Kanamycin, Neomycin, Neomycin, Kanamycin, Lividomycin, Paromomycin, Ribostamycin, Kanamycin
blaNDM-14;Amoxicillin, Amoxicillin+Clavulanic acid, Ampicillin, Ampicillin+Clavulanic acid, Cefepime, Cefixime, Cefotaxime, Cefoxitin, Ceftazidime, Ertapenem, Imipenem, Meropenem, Piperacillin, Piperacillin+Tazobactam, Temocillin
aph(3')-Ia;Unknown Aminoglycoside, Kanamycin, Neomycin, Kanamycin, Neomycin, Kanamycin, Lividomycin, Paromomycin, Ribostamycin
blaCMY-141;Amoxicillin, Amoxicillin+Clavulanic acid, Ampicillin, Ampicillin+Clavulanic acid, Cefotaxime, Cefoxitin, Ceftazidime, Piperacillin, Piperacillin+Tazobactam, Ticarcillin, Ticarcillin+Clavulanic acid
blaTEM-169;Amoxicillin, Ampicillin, Aztreonam, Cefepime, Cefotaxime, Ceftazidime, Ceftriaxone, Piperacillin, Ticarcillin
blaTEM-33;Amoxicillin, Amoxicillin+Clavulanic acid, Ampicillin, Ampicillin+Clavulanic acid, Piperacillin, Piperacillin+Tazobactam, Ticarcillin, Ticarcillin+Clavulanic acid
aac(6')-29a;Amikacin, Tobramycin, Neomycin, Kanamycin, Netilmicin, Isepamicin, Sisomicin
aac(6')-29b;Amikacin, Tobramycin, Neomycin, Kanamycin, Netilmicin, Isepamicin, Sisomicin
dfrA23;Trimethoprim
cmx;Chloramphenicol
tet(33);Doxycycline, Tetracycline
aph(3')-Ia;Kanamycin, Neomycin, Neomycin, Kanamycin, Lividomycin, Paromomycin, Ribostamycin, Unknown Aminoglycoside, Kanamycin
blaSHV-185;Unknown Beta-lactam
blaSHV-11;Amoxicillin, Ampicillin, Cephalothin, Piperacillin, Ticarcillin
blaSHV-95;Unknown Beta-lactam
blaSHV-70;Amoxicillin, Ampicillin, Aztreonam, Cefepime, Cefotaxime, Ceftazidime, Ceftriaxone, Piperacillin, Ticarcillin
blaSHV-69;Unknown Beta-lactam
blaSHV-31;Amoxicillin, Ampicillin, Aztreonam, Cefepime, Cefotaxime, Ceftazidime, Ceftriaxone, Piperacillin, Ticarcillin
blaSHV-25;Amoxicillin, Ampicillin, Cephalothin, Piperacillin, Ticarcillin
blaSHV-13;Amoxicillin, Ampicillin, Aztreonam, Cefepime, Cefotaxime, Ceftazidime, Ceftriaxone, Piperacillin, Ticarcillin
qepA4;Ciprofloxacin
fosA4;Fosfomycin
blaTEM-216;Unknown Beta-lactam
blaTEM-214;Unknown Beta-lactam
blaTEM-210;Unknown Beta-lactam
blaTEM-34;Amoxicillin, Amoxicillin+Clavulanic acid, Ampicillin, Ampicillin+Clavulanic acid, Piperacillin, Piperacillin+Tazobactam, Ticarcillin, Ticarcillin+Clavulanic acid
blaCTX-M-55;Amoxicillin, Ampicillin, Aztreonam, Cefepime, Cefotaxime, Ceftazidime, Ceftriaxone, Piperacillin, Ticarcillin
blaKPC-40;Amoxicillin, Amoxicillin+Clavulanic acid, Ampicillin, Ampicillin+Clavulanic acid, Aztreonam, Cefepime, Cefotaxime, Cefoxitin, Ceftazidime, Ertapenem, Imipenem, Meropenem, Piperacillin, Piperacillin+Tazobactam, Ticarcillin, Ticarcillin+Clavulanic acid, Ceftazidime+Avibactam
blaKPC-25;Amoxicillin, Amoxicillin+Clavulanic acid, Ampicillin, Ampicillin+Clavulanic acid, Aztreonam, Cefepime, Cefotaxime, Cefoxitin, Ceftazidime, Ertapenem, Imipenem, Meropenem, Piperacillin, Piperacillin+Tazobactam, Ticarcillin, Ticarcillin+Clavulanic acid
qnrE1;Ciprofloxacin
qnrVC1;Ciprofloxacin
dfrA10;Trimethoprim
aadA14;Spectinomycin, Streptomycin
lnu(G);Lincomycin
aph(3')-Ia;Unknown Aminoglycoside, Kanamycin, Kanamycin, Neomycin, Neomycin, Kanamycin, Lividomycin, Paromomycin, Ribostamycin
blaFRI-1;Amoxicillin, Amoxicillin+Clavulanic acid, Ampicillin, Ampicillin+Clavulanic acid, Cefixime, Cefotaxime, Ceftazidime, Ertapenem, Imipenem, Meropenem, Piperacillin, Piperacillin+Tazobactam, Aztreonam
blaSHV-121;Unknown Beta-lactam
dfrA30;Trimethoprim
blaSHV-5;Amoxicillin, Ampicillin, Aztreonam, Cefepime, Cefotaxime, Ceftazidime, Ceftriaxone, Piperacillin, Ticarcillin
aadA23;Spectinomycin, Streptomycin
aadA22;Spectinomycin, Streptomycin
aadA17;Spectinomycin, Streptomycin
lnu(F);Lincomycin
aph(3')-Ia;Unknown Aminoglycoside, Neomycin, Kanamycin, Lividomycin, Paromomycin, Ribostamycin, Kanamycin, Neomycin, Kanamycin
blaCTX-M-1;Amoxicillin, Ampicillin, Aztreonam, Cefepime, Cefotaxime, Ceftazidime, Ceftriaxone, Piperacillin, Ticarcillin
blaVIM-29;Amoxicillin, Amoxicillin+Clavulanic acid, Ampicillin, Ampicillin+Clavulanic acid, Cefepime, Cefixime, Cefotaxime, Cefoxitin, Ceftazidime, Ertapenem, Imipenem, Meropenem, Piperacillin, Piperacillin+Tazobactam
blaVIM-19;Amoxicillin, Amoxicillin+Clavulanic acid, Ampicillin, Ampicillin+Clavulanic acid, Cefepime, Cefixime, Cefotaxime, Cefoxitin, Ceftazidime, Ertapenem, Imipenem, Meropenem, Piperacillin, Piperacillin+Tazobactam
fexA;Chloramphenicol, Florfenicol
cfr;Chloramphenicol, Florfenicol, Clindamycin, Lincomycin, Linezolid, Dalfopristin, Pristinamycin IIA, Virginiamycin M, Tiamulin
blaOXA-17;Amoxicillin, Ampicillin, Aztreonam, Cefepime, Cefixime, Cefotaxime, Ceftazidime
blaOXA-74;Cefepime, Ceftazidime
fexB;Chloramphenicol, Florfenicol
blaTEM-79;Amoxicillin, Amoxicillin+Clavulanic acid, Ampicillin, Ampicillin+Clavulanic acid, Piperacillin, Piperacillin+Tazobactam, Ticarcillin, Ticarcillin+Clavulanic acid
blaOXA-4;Unknown Beta-lactam
blaOXA-246;Amoxicillin, Ampicillin
blaIMP-7;Amoxicillin, Amoxicillin+Clavulanic acid, Ampicillin, Ampicillin+Clavulanic acid, Cefepime, Cefixime, Cefotaxime, Cefoxitin, Ceftazidime, Ertapenem, Imipenem, Meropenem, Piperacillin, Piperacillin+Tazobactam
cml;Chloramphenicol
aadA8b;Spectinomycin, Streptomycin
aph(3')-Ia;Kanamycin, Neomycin, Kanamycin, Unknown Aminoglycoside, Neomycin, Kanamycin, Lividomycin, Paromomycin, Ribostamycin
blaLCR-1;Unknown Beta-lactam
mef(C);Erythromycin
mph(G);Erythromycin
blaCTX-M-164;Amoxicillin, Ampicillin, Aztreonam, Cefepime, Cefotaxime, Ceftazidime, Ceftriaxone, Piperacillin, Ticarcillin
blaCTX-M-114;Amoxicillin, Ampicillin, Aztreonam, Cefepime, Cefotaxime, Ceftazidime, Ceftriaxone, Piperacillin, Ticarcillin
erm(42);Erythromycin, Lincomycin, Clindamycin, Quinupristin, Pristinamycin IA, Virginiamycin S
ant(9)-Ia;Spectinomycin
erm(A);Erythromycin, Lincomycin, Clindamycin, Quinupristin, Pristinamycin IA, Virginiamycin S
blaCTX-M-218;Amoxicillin, Ampicillin, Aztreonam, Cefepime, Cefotaxime, Ceftazidime, Ceftriaxone, Piperacillin, Ticarcillin
blaGES-13;Amoxicillin, Amoxicillin+Clavulanic acid, Ampicillin, Ampicillin+Clavulanic acid, Cefoxitin, Ceftazidime, Piperacillin, Ticarcillin
blaGES-7;Amoxicillin, Amoxicillin+Clavulanic acid, Ampicillin, Ampicillin+Clavulanic acid, Cefoxitin, Ceftazidime, Piperacillin, Ticarcillin
blaGES-6;Amoxicillin, Amoxicillin+Clavulanic acid, Ampicillin, Ampicillin+Clavulanic acid, Cefoxitin, Ceftazidime, Piperacillin, Ticarcillin
blaGES-5;Amoxicillin, Amoxicillin+Clavulanic acid, Ampicillin, Ampicillin+Clavulanic acid, Cefoxitin, Ceftazidime, Piperacillin, Ticarcillin
blaCTX-M-16;Amoxicillin, Ampicillin, Aztreonam, Cefepime, Cefotaxime, Ceftazidime, Ceftriaxone, Piperacillin, Ticarcillin
dfrG;Trimethoprim
vga(A)LC;Lincomycin, Clindamycin, Dalfopristin, Pristinamycin IIA, Virginiamycin M, Tiamulin
blaGES-22;Amoxicillin, Amoxicillin+Clavulanic acid, Ampicillin, Ampicillin+Clavulanic acid, Cefoxitin, Ceftazidime, Piperacillin, Ticarcillin
blaOXA-46;Amoxicillin, Ampicillin
blaTEM-2;Amoxicillin, Ampicillin, Cephalothin, Piperacillin, Ticarcillin
cat(pC194);Chloramphenicol
qnrB10;Ciprofloxacin
blaSHV-42;Amoxicillin, Ampicillin, Aztreonam, Cefepime, Cefotaxime, Ceftazidime, Ceftriaxone, Piperacillin, Ticarcillin
blaSHV-164;Amoxicillin, Ampicillin, Cephalothin, Piperacillin, Ticarcillin
blaSHV-85;Amoxicillin, Ampicillin, Cephalothin, Piperacillin, Ticarcillin
blaSHV-59;Unknown Beta-lactam
qnrB2;Ciprofloxacin
dfrA25;Trimethoprim
blaOXA-20;Amoxicillin, Amoxicillin+Clavulanic acid, Ampicillin, Ampicillin+Clavulanic acid
vga(A)V;Lincomycin, Clindamycin, Dalfopristin, Pristinamycin IIA, Virginiamycin M, Tiamulin
catB7;Chloramphenicol
tmexD2;Doxycycline, Tetracycline, Minocycline, Tigecycline
blaNDM-6;Amoxicillin, Amoxicillin+Clavulanic acid, Ampicillin, Ampicillin+Clavulanic acid, Cefepime, Cefixime, Cefotaxime, Cefoxitin, Ceftazidime, Ertapenem, Imipenem, Meropenem, Piperacillin, Piperacillin+Tazobactam, Temocillin
qepA1;Ciprofloxacin
dfrB4;Trimethoprim
blaTEM-220;Unknown Beta-lactam
blaTEM-126;Amoxicillin, Ampicillin, Aztreonam, Cefepime, Cefotaxime, Ceftazidime, Ceftriaxone, Piperacillin, Ticarcillin
blaTEM-106;Amoxicillin, Ampicillin, Aztreonam, Cefepime, Cefotaxime, Ceftazidime, Ceftriaxone, Piperacillin, Ticarcillin
aph(4)-Ia;Hygromycin
aac(3)-IV;Gentamicin, Tobramycin
blaCMY-23;Amoxicillin, Amoxicillin+Clavulanic acid, Ampicillin, Ampicillin+Clavulanic acid, Cefotaxime, Cefoxitin, Ceftazidime, Piperacillin, Piperacillin+Tazobactam, Ticarcillin, Ticarcillin+Clavulanic acid
blaLAP-1;Amoxicillin, Ampicillin, Cephalotin, Piperacillin, Ticarcillin
blaIMP-10;Amoxicillin, Amoxicillin+Clavulanic acid, Ampicillin, Ampicillin+Clavulanic acid, Cefepime, Cefixime, Cefotaxime, Cefoxitin, Ceftazidime, Ertapenem, Imipenem, Meropenem, Piperacillin, Piperacillin+Tazobactam
tmexD3;Doxycycline, Tetracycline, Minocycline, Tigecycline
TOprJ3;Doxycycline, Tetracycline, Minocycline, Tigecycline
tmexC3;Doxycycline, Tetracycline, Minocycline, Tigecycline
blaCTX-M-65;Amoxicillin, Ampicillin, Aztreonam, Cefepime, Cefotaxime, Ceftazidime, Ceftriaxone, Piperacillin, Ticarcillin
blaOKP-A-5;Unknown Beta-lactam
blaCTX-M-100;Amoxicillin, Ampicillin, Aztreonam, Cefepime, Cefotaxime, Ceftazidime, Ceftriaxone, Piperacillin, Ticarcillin
blaCMY-148;Amoxicillin, Amoxicillin+Clavulanic acid, Ampicillin, Ampicillin+Clavulanic acid, Cefotaxime, Cefoxitin, Ceftazidime, Piperacillin, Piperacillin+Tazobactam, Ticarcillin, Ticarcillin+Clavulanic acid
aac(3)-Ic;Gentamicin, Astromicin, Fortimicin
fosY;Fosfomycin
blaTEM-156;Unknown Beta-lactam
qnrB81;Ciprofloxacin
qnrB5;Ciprofloxacin
blaOXA-320;Unknown Beta-lactam
blaOXA-534;Unknown Beta-lactam
aac(3)-VIa;Gentamicin, Gentamicin, Sisomicin, Netilmicin, Tobramycin
aadA24;Spectinomycin, Streptomycin
blaSFO-1;Amoxicillin, Ampicillin, Cefotaxime, Cefoxitin, Ceftazidime, Piperacillin, Ticarcillin
mcr-4.3;Colistin
fosA3;Fosfomycin
blaDIM-1;Amoxicillin, Amoxicillin+Clavulanic acid, Ampicillin, Ampicillin+Clavulanic acid, Cefotaxime, Cefoxitin, Ceftazidime, Ertapenem, Imipenem, Meropenem, Piperacillin, Piperacillin+Tazobactam
mph(F);Erythromycin
blaNMC-A;Unknown Beta-lactam
blaTEM-219;Unknown Beta-lactam
blaCTX-M-209;Amoxicillin, Ampicillin, Aztreonam, Cefepime, Cefotaxime, Ceftazidime, Ceftriaxone, Piperacillin, Ticarcillin
blaADC-25;Unknown Beta-lactam
catB8;Chloramphenicol
blaCTX-M-12;Amoxicillin, Ampicillin, Aztreonam, Cefepime, Cefotaxime, Ceftazidime, Ceftriaxone, Piperacillin, Ticarcillin
blaVEB-7;Unknown Beta-lactam
cmlB1;Chloramphenicol
blaCMY-138;Amoxicillin, Amoxicillin+Clavulanic acid, Ampicillin, Ampicillin+Clavulanic acid, Cefotaxime, Cefoxitin, Ceftazidime, Piperacillin, Piperacillin+Tazobactam, Ticarcillin, Ticarcillin+Clavulanic acid
blaCMY-149;Amoxicillin, Amoxicillin+Clavulanic acid, Ampicillin, Ampicillin+Clavulanic acid, Cefotaxime, Cefoxitin, Ceftazidime, Piperacillin, Piperacillin+Tazobactam, Ticarcillin, Ticarcillin+Clavulanic acid
blaCMY-15;Amoxicillin, Amoxicillin+Clavulanic acid, Ampicillin, Ampicillin+Clavulanic acid, Cefotaxime, Cefoxitin, Ceftazidime, Piperacillin, Piperacillin+Tazobactam, Ticarcillin, Ticarcillin+Clavulanic acid
blaCMY-14;Amoxicillin, Amoxicillin+Clavulanic acid, Ampicillin, Ampicillin+Clavulanic acid, Cefotaxime, Cefoxitin, Ceftazidime, Piperacillin, Piperacillin+Tazobactam, Ticarcillin, Ticarcillin+Clavulanic acid
ere(B);Erythromycin, Azithromycin
blaOXA-15;Amoxicillin, Ampicillin, Aztreonam, Ceftazidime, Piperacillin
blaIMP-28;Amoxicillin, Amoxicillin+Clavulanic acid, Ampicillin, Ampicillin+Clavulanic acid, Cefepime, Cefixime, Cefotaxime, Cefoxitin, Ceftazidime, Ertapenem, Imipenem, Meropenem, Piperacillin, Piperacillin+Tazobactam
blaPER-7;Amoxicillin, Amoxicillin+Clavulanic acid, Ampicillin, Ampicillin+Clavulanic acid, Cefotaxime, Cefoxitin, Cefepime, Ceftazidime, Piperacillin, Piperacillin+Tazobactam, Ticarcillin, Ticarcillin+Clavulanic acid, Aztreonam
aph(2'')-Ib;Amikacin, Gentamicin, Tobramycin, Kanamycin
aac(6')-Im;Amikacin, Tobramycin, Netilmicin, Amikacin, Tobramycin, Kanamycin
blaCTX-M-8;Amoxicillin, Ampicillin, Aztreonam, Cefepime, Cefotaxime, Ceftazidime, Ceftriaxone, Piperacillin, Ticarcillin
qepA2;Ciprofloxacin
tet(X4);Doxycycline, Tetracycline, Minocycline, Tigecycline
mef(B);Erythromycin, Azithromycin
blaPER-1;Amoxicillin, Amoxicillin+Clavulanic acid, Ampicillin, Ampicillin+Clavulanic acid, Cefotaxime, Cefoxitin, Cefepime, Ceftazidime, Piperacillin, Piperacillin+Tazobactam, Ticarcillin, Ticarcillin+Clavulanic acid, Aztreonam
aph(6)-Ic;Streptomycin
aph(3')-IIa;Kanamycin, Neomycin, Paromomycin, Ribostamycin, Butiromycin, Gentamicin, Kanamycin, Neomycin
qnrVC6;Ciprofloxacin
blaOXA-484;Unknown Beta-lactam
blaCTX-M-122;Amoxicillin, Ampicillin, Aztreonam, Cefepime, Cefotaxime, Ceftazidime, Ceftriaxone, Piperacillin, Ticarcillin
blaCTX-M-196;Amoxicillin, Ampicillin, Aztreonam, Cefepime, Cefotaxime, Ceftazidime, Ceftriaxone, Piperacillin, Ticarcillin
blaCTX-M-125;Amoxicillin, Ampicillin, Aztreonam, Cefepime, Cefotaxime, Ceftazidime, Ceftriaxone, Piperacillin, Ticarcillin
blaCTX-M-99;Amoxicillin, Ampicillin, Aztreonam, Cefepime, Cefotaxime, Ceftazidime, Ceftriaxone, Piperacillin, Ticarcillin
aadA6;Spectinomycin, Streptomycin
blaSHV-199;Unknown Beta-lactam
blaSHV-194;Unknown Beta-lactam
blaSHV-179;Unknown Beta-lactam
blaSHV-145;Unknown Beta-lactam
blaSHV-98;Amoxicillin, Ampicillin, Aztreonam, Cefepime, Cefotaxime, Ceftazidime, Ceftriaxone, Piperacillin, Ticarcillin
blaSHV-78;Amoxicillin, Ampicillin, Cephalothin, Piperacillin, Ticarcillin
blaSHV-26;Amoxicillin, Amoxicillin+Clavulanic acid, Ampicillin, Ampicillin+Clavulanic acid, Piperacillin, Piperacillin+Tazobactam, Ticarcillin, Ticarcillin+Clavulanic acid
blaTEM-163;Amoxicillin, Amoxicillin+Clavulanic acid, Ampicillin, Ampicillin+Clavulanic acid, Piperacillin, Piperacillin+Tazobactam, Ticarcillin, Ticarcillin+Clavulanic acid
blaTEM-155;Amoxicillin, Ampicillin, Aztreonam, Cefepime, Cefotaxime, Ceftazidime, Ceftriaxone, Piperacillin, Ticarcillin
blaTEM-101;Amoxicillin, Ampicillin, Aztreonam, Cefepime, Cefotaxime, Ceftazidime, Ceftriaxone, Piperacillin, Ticarcillin
blaTEM-72;Amoxicillin, Ampicillin, Aztreonam, Cefepime, Cefotaxime, Ceftazidime, Ceftriaxone, Piperacillin, Ticarcillin
mcr-1.26;Colistin
mcr-1.34;Colistin
mcr-1.8;Colistin
mcr-1.2;Colistin
aph(3')-IIIa;Amikacin, Kanamycin, Amikacin
blaCTX-M-188;Amoxicillin, Ampicillin, Aztreonam, Cefepime, Cefotaxime, Ceftazidime, Ceftriaxone, Piperacillin, Ticarcillin
dfrB3;Trimethoprim
blaSHV-103;Unknown Beta-lactam
blaTEM-232;Unknown Beta-lactam
blaTEM-143;Amoxicillin, Ampicillin, Aztreonam, Cefepime, Cefotaxime, Ceftazidime, Ceftriaxone, Piperacillin, Ticarcillin
blaTEM-15;Amoxicillin, Ampicillin, Aztreonam, Cefepime, Cefotaxime, Ceftazidime, Ceftriaxone, Piperacillin, Ticarcillin
blaTEM-10;Amoxicillin, Ampicillin, Aztreonam, Cefepime, Cefotaxime, Ceftazidime, Ceftriaxone, Piperacillin, Ticarcillin
blaTEM-213;Amoxicillin, Ampicillin, Aztreonam, Cefepime, Cefotaxime, Ceftazidime, Ceftriaxone, Piperacillin, Ticarcillin
blaTEM-208;Unknown Beta-lactam
cat;Chloramphenicol
blaKPC-31;Amoxicillin, Amoxicillin+Clavulanic acid, Ampicillin, Ampicillin+Clavulanic acid, Aztreonam, Cefepime, Cefotaxime, Cefoxitin, Ceftazidime, Ertapenem, Imipenem, Meropenem, Piperacillin, Piperacillin+Tazobactam, Ticarcillin, Ticarcillin+Clavulanic acid
qnrS11;Ciprofloxacin
blaCMY-30;Amoxicillin, Amoxicillin+Clavulanic acid, Ampicillin, Ampicillin+Clavulanic acid, Cefotaxime, Cefoxitin, Ceftazidime, Piperacillin, Piperacillin+Tazobactam, Ticarcillin, Ticarcillin+Clavulanic acid
blaCMY-59;Amoxicillin, Amoxicillin+Clavulanic acid, Ampicillin, Ampicillin+Clavulanic acid, Cefotaxime, Cefoxitin, Ceftazidime, Piperacillin, Piperacillin+Tazobactam, Ticarcillin, Ticarcillin+Clavulanic acid
blaCMY-27;Amoxicillin, Amoxicillin+Clavulanic acid, Ampicillin, Ampicillin+Clavulanic acid, Cefotaxime, Cefoxitin, Ceftazidime, Piperacillin, Piperacillin+Tazobactam, Ticarcillin, Ticarcillin+Clavulanic acid
blaCMY-24;Amoxicillin, Amoxicillin+Clavulanic acid, Ampicillin, Ampicillin+Clavulanic acid, Cefotaxime, Cefoxitin, Ceftazidime, Piperacillin, Piperacillin+Tazobactam, Ticarcillin, Ticarcillin+Clavulanic acid
blaIMP-1b;Amoxicillin, Amoxicillin+Clavulanic acid, Ampicillin, Ampicillin+Clavulanic acid, Cefepime, Cefixime, Cefotaxime, Cefoxitin, Ceftazidime, Ertapenem, Imipenem, Meropenem, Piperacillin, Piperacillin+Tazobactam
crpP;Ciprofloxacin
aac(3)-Id;Gentamicin, Astromicin, Fortimicin
dfrB5;Trimethoprim
blaSHV-160;Unknown Beta-lactam
aac(3)-VIa;Gentamicin, Sisomicin, Netilmicin, Tobramycin, Gentamicin
blaNDM-20;Amoxicillin, Amoxicillin+Clavulanic acid, Ampicillin, Ampicillin+Clavulanic acid, Cefepime, Cefixime, Cefotaxime, Cefoxitin, Ceftazidime, Ertapenem, Imipenem, Meropenem, Piperacillin, Piperacillin+Tazobactam, Temocillin
blaKPC-18;Amoxicillin, Amoxicillin+Clavulanic acid, Ampicillin, Ampicillin+Clavulanic acid, Aztreonam, Cefepime, Cefotaxime, Cefoxitin, Ceftazidime, Ertapenem, Imipenem, Meropenem, Piperacillin, Piperacillin+Tazobactam, Ticarcillin, Ticarcillin+Clavulanic acid
blaTEM-181;Unknown Beta-lactam
blaTEM-32;Amoxicillin, Amoxicillin+Clavulanic acid, Ampicillin, Ampicillin+Clavulanic acid, Piperacillin, Piperacillin+Tazobactam, Ticarcillin, Ticarcillin+Clavulanic acid
blaTEM-116;Amoxicillin, Ampicillin, Cephalothin, Piperacillin, Ticarcillin
blaTEM-82;Amoxicillin, Amoxicillin+Clavulanic acid, Ampicillin, Ampicillin+Clavulanic acid, Piperacillin, Piperacillin+Tazobactam, Ticarcillin, Ticarcillin+Clavulanic acid
blaTEM-54;Amoxicillin, Amoxicillin+Clavulanic acid, Ampicillin, Ampicillin+Clavulanic acid, Piperacillin, Piperacillin+Tazobactam, Ticarcillin, Ticarcillin+Clavulanic acid
blaTEM-24;Amoxicillin, Ampicillin, Aztreonam, Cefepime, Cefotaxime, Ceftazidime, Ceftriaxone, Piperacillin, Ticarcillin
aac(6')-Ia;Tobramycin, Dibekacin, Amikacin, Sisomicin, Netilmicin
mph(B);Erythromycin, Spiramycin, Telithromycin
ARR-6;Rifampicin
